,Id,Name,URL,Description,Created,Size,Stars,Primal Language,Forks,Score,Open Issues Count,Watchers Count,Languages Url,Contributors Url,Issue Event Url,Issue Comment Url,Issues Url,Releases Url,Pulls Url,Languages
0,145553672,funNLP,https://github.com/fighting41love/funNLP,"ä¸­è‹±æ–‡æ•æ„Ÿè¯ã€è¯­è¨€æ£€æµ‹ã€ä¸­å¤–æ‰‹æœº/ç”µè¯å½’å±åœ°/è¿è¥å•†æŸ¥è¯¢ã€åå­—æ¨æ–­æ€§åˆ«ã€æ‰‹æœºå·æŠ½å–ã€èº«ä»½è¯æŠ½å–ã€é‚®ç®±æŠ½å–ã€ä¸­æ—¥æ–‡äººååº“ã€ä¸­æ–‡ç¼©å†™åº“ã€æ‹†å­—è¯å…¸ã€è¯æ±‡æƒ…æ„Ÿå€¼ã€åœç”¨è¯ã€ååŠ¨è¯è¡¨ã€æš´æè¯è¡¨ã€ç¹ç®€ä½“è½¬æ¢ã€è‹±æ–‡æ¨¡æ‹Ÿä¸­æ–‡å‘éŸ³ã€æ±ªå³°æ­Œè¯ç”Ÿæˆå™¨ã€èŒä¸šåç§°è¯åº“ã€åŒä¹‰è¯åº“ã€åä¹‰è¯åº“ã€å¦å®šè¯åº“ã€æ±½è½¦å“ç‰Œè¯åº“ã€æ±½è½¦é›¶ä»¶è¯åº“ã€è¿ç»­è‹±æ–‡åˆ‡å‰²ã€å„ç§ä¸­æ–‡è¯å‘é‡ã€å…¬å¸åå­—å¤§å…¨ã€å¤è¯—è¯åº“ã€ITè¯åº“ã€è´¢ç»è¯åº“ã€æˆè¯­è¯åº“ã€åœ°åè¯åº“ã€å†å²åäººè¯åº“ã€è¯—è¯è¯åº“ã€åŒ»å­¦è¯åº“ã€é¥®é£Ÿè¯åº“ã€æ³•å¾‹è¯åº“ã€æ±½è½¦è¯åº“ã€åŠ¨ç‰©è¯åº“ã€ä¸­æ–‡èŠå¤©è¯­æ–™ã€ä¸­æ–‡è°£è¨€æ•°æ®ã€ç™¾åº¦ä¸­æ–‡é—®ç­”æ•°æ®é›†ã€å¥å­ç›¸ä¼¼åº¦åŒ¹é…ç®—æ³•é›†åˆã€bertèµ„æºã€æ–‡æœ¬ç”Ÿæˆ&æ‘˜è¦ç›¸å…³å·¥å…·ã€cocoNLPä¿¡æ¯æŠ½å–å·¥å…·ã€å›½å†…ç”µè¯å·ç æ­£åˆ™åŒ¹é…ã€æ¸…åå¤§å­¦XLORE:ä¸­è‹±æ–‡è·¨è¯­è¨€ç™¾ç§‘çŸ¥è¯†å›¾è°±ã€æ¸…åå¤§å­¦äººå·¥æ™ºèƒ½æŠ€æœ¯ç³»åˆ—æŠ¥å‘Šã€è‡ªç„¶è¯­è¨€ç”Ÿæˆã€NLUå¤ªéš¾äº†ç³»åˆ—ã€è‡ªåŠ¨å¯¹è”æ•°æ®åŠæœºå™¨äººã€ç”¨æˆ·åé»‘åå•åˆ—è¡¨ã€ç½ªåæ³•åŠ¡åè¯åŠåˆ†ç±»æ¨¡å‹ã€å¾®ä¿¡å…¬ä¼—å·è¯­æ–™ã€cs224næ·±åº¦å­¦ä¹ è‡ªç„¶è¯­è¨€å¤„ç†è¯¾ç¨‹ã€ä¸­æ–‡æ‰‹å†™æ±‰å­—è¯†åˆ«ã€ä¸­æ–‡è‡ªç„¶è¯­è¨€å¤„ç† è¯­æ–™/æ•°æ®é›†ã€å˜é‡å‘½åç¥å™¨ã€åˆ†è¯è¯­æ–™åº“+ä»£ç ã€ä»»åŠ¡å‹å¯¹è¯è‹±æ–‡æ•°æ®é›†ã€ASR è¯­éŸ³æ•°æ®é›† + åŸºäºæ·±åº¦å­¦ä¹ çš„ä¸­æ–‡è¯­éŸ³è¯†åˆ«ç³»ç»Ÿã€ç¬‘å£°æ£€æµ‹å™¨ã€Microsoftå¤šè¯­è¨€æ•°å­—/å•ä½/å¦‚æ—¥æœŸæ—¶é—´è¯†åˆ«åŒ…ã€ä¸­åæ–°åå­—å…¸æ•°æ®åº“åŠapi(åŒ…æ‹¬å¸¸ç”¨æ­‡åè¯­ã€æˆè¯­ã€è¯è¯­å’Œæ±‰å­—)ã€æ–‡æ¡£å›¾è°±è‡ªåŠ¨ç”Ÿæˆã€SpaCy ä¸­æ–‡æ¨¡å‹ã€Common Voiceè¯­éŸ³è¯†åˆ«æ•°æ®é›†æ–°ç‰ˆã€ç¥ç»ç½‘ç»œå…³ç³»æŠ½å–ã€åŸºäºbertçš„å‘½åå®ä½“è¯†åˆ«ã€å…³é”®è¯(Keyphrase)æŠ½å–åŒ…pkeã€åŸºäºåŒ»ç–—é¢†åŸŸçŸ¥è¯†å›¾è°±çš„é—®ç­”ç³»ç»Ÿã€åŸºäºä¾å­˜å¥æ³•ä¸è¯­ä¹‰è§’è‰²æ ‡æ³¨çš„äº‹ä»¶ä¸‰å…ƒç»„æŠ½å–ã€ä¾å­˜å¥æ³•åˆ†æ4ä¸‡å¥é«˜è´¨é‡æ ‡æ³¨æ•°æ®ã€cnocrï¼šç”¨æ¥åšä¸­æ–‡OCRçš„Python3åŒ…ã€ä¸­æ–‡äººç‰©å…³ç³»çŸ¥è¯†å›¾è°±é¡¹ç›®ã€ä¸­æ–‡nlpç«èµ›é¡¹ç›®åŠä»£ç æ±‡æ€»ã€ä¸­æ–‡å­—ç¬¦æ•°æ®ã€speech-aligner: ä»â€œäººå£°è¯­éŸ³â€åŠå…¶â€œè¯­è¨€æ–‡æœ¬â€äº§ç”ŸéŸ³ç´ çº§åˆ«æ—¶é—´å¯¹é½æ ‡æ³¨çš„å·¥å…·ã€AmpliGraph: çŸ¥è¯†å›¾è°±è¡¨ç¤ºå­¦ä¹ (Python)åº“ï¼šçŸ¥è¯†å›¾è°±æ¦‚å¿µé“¾æ¥é¢„æµ‹ã€Scattertext æ–‡æœ¬å¯è§†åŒ–(python)ã€è¯­è¨€/çŸ¥è¯†è¡¨ç¤ºå·¥å…·ï¼šBERT & ERNIEã€ä¸­æ–‡å¯¹æ¯”è‹±æ–‡è‡ªç„¶è¯­è¨€å¤„ç†NLPçš„åŒºåˆ«ç»¼è¿°ã€Synonymsä¸­æ–‡è¿‘ä¹‰è¯å·¥å…·åŒ…ã€HarvestTexté¢†åŸŸè‡ªé€‚åº”æ–‡æœ¬æŒ–æ˜å·¥å…·ï¼ˆæ–°è¯å‘ç°-æƒ…æ„Ÿåˆ†æ-å®ä½“é“¾æ¥ç­‰ï¼‰ã€word2wordï¼š(Python)æ–¹ä¾¿æ˜“ç”¨çš„å¤šè¯­è¨€è¯-è¯å¯¹é›†ï¼š62ç§è¯­è¨€/3,564ä¸ªå¤šè¯­è¨€å¯¹ã€è¯­éŸ³è¯†åˆ«è¯­æ–™ç”Ÿæˆå·¥å…·ï¼šä»å…·æœ‰éŸ³é¢‘/å­—å¹•çš„åœ¨çº¿è§†é¢‘åˆ›å»ºè‡ªåŠ¨è¯­éŸ³è¯†åˆ«(ASR)è¯­æ–™åº“ã€æ„å»ºåŒ»ç–—å®ä½“è¯†åˆ«çš„æ¨¡å‹ï¼ˆåŒ…å«è¯å…¸å’Œè¯­æ–™æ ‡æ³¨ï¼‰ã€å•æ–‡æ¡£éç›‘ç£çš„å…³é”®è¯æŠ½å–ã€Kashgariä¸­ä½¿ç”¨gpt-2è¯­è¨€æ¨¡å‹ã€å¼€æºçš„é‡‘èæŠ•èµ„æ•°æ®æå–å·¥å…·ã€æ–‡æœ¬è‡ªåŠ¨æ‘˜è¦åº“TextTeaser: ä»…æ”¯æŒè‹±æ–‡ã€äººæ°‘æ—¥æŠ¥è¯­æ–™å¤„ç†å·¥å…·é›†ã€ä¸€äº›å…³äºè‡ªç„¶è¯­è¨€çš„åŸºæœ¬æ¨¡å‹ã€åŸºäº14Wæ­Œæ›²çŸ¥è¯†åº“çš„é—®ç­”å°è¯•--åŠŸèƒ½åŒ…æ‹¬æ­Œè¯æ¥é¾™andå·²çŸ¥æ­Œè¯æ‰¾æ­Œæ›²ä»¥åŠæ­Œæ›²æ­Œæ‰‹æ­Œè¯ä¸‰è§’å…³ç³»çš„é—®ç­”ã€åŸºäºSiamese bilstmæ¨¡å‹çš„ç›¸ä¼¼å¥å­åˆ¤å®šæ¨¡å‹å¹¶æä¾›è®­ç»ƒæ•°æ®é›†å’Œæµ‹è¯•æ•°æ®é›†ã€ç”¨Transformerç¼–è§£ç æ¨¡å‹å®ç°çš„æ ¹æ®Hacker Newsæ–‡ç« æ ‡é¢˜è‡ªåŠ¨ç”Ÿæˆè¯„è®ºã€ç”¨BERTè¿›è¡Œåºåˆ—æ ‡è®°å’Œæ–‡æœ¬åˆ†ç±»çš„æ¨¡æ¿ä»£ç ã€LitBankï¼šNLPæ•°æ®é›†â€”â€”æ”¯æŒè‡ªç„¶è¯­è¨€å¤„ç†å’Œè®¡ç®—äººæ–‡å­¦ç§‘ä»»åŠ¡çš„100éƒ¨å¸¦æ ‡è®°è‹±æ–‡å°è¯´è¯­æ–™ã€ç™¾åº¦å¼€æºçš„åŸºå‡†ä¿¡æ¯æŠ½å–ç³»ç»Ÿã€è™šå‡æ–°é—»æ•°æ®é›†ã€Facebook: LAMAè¯­è¨€æ¨¡å‹åˆ†æï¼Œæä¾›Transformer-XL/BERT/ELMo/GPTé¢„è®­ç»ƒè¯­è¨€æ¨¡å‹çš„ç»Ÿä¸€è®¿é—®æ¥å£ã€CommonsenseQAï¼šé¢å‘å¸¸è¯†çš„è‹±æ–‡QAæŒ‘æˆ˜ã€ä¸­æ–‡çŸ¥è¯†å›¾è°±èµ„æ–™ã€æ•°æ®åŠå·¥å…·ã€å„å¤§å…¬å¸å†…éƒ¨é‡Œå¤§ç‰›åˆ†äº«çš„æŠ€æœ¯æ–‡æ¡£ PDF æˆ–è€… PPTã€è‡ªç„¶è¯­è¨€ç”ŸæˆSQLè¯­å¥ï¼ˆè‹±æ–‡ï¼‰ã€ä¸­æ–‡NLPæ•°æ®å¢å¼ºï¼ˆEDAï¼‰å·¥å…·ã€è‹±æ–‡NLPæ•°æ®å¢å¼ºå·¥å…· ã€åŸºäºåŒ»è¯çŸ¥è¯†å›¾è°±çš„æ™ºèƒ½é—®ç­”ç³»ç»Ÿã€äº¬ä¸œå•†å“çŸ¥è¯†å›¾è°±ã€åŸºäºmongodbå­˜å‚¨çš„å†›äº‹é¢†åŸŸçŸ¥è¯†å›¾è°±é—®ç­”é¡¹ç›®ã€åŸºäºè¿œç›‘ç£çš„ä¸­æ–‡å…³ç³»æŠ½å–ã€è¯­éŸ³æƒ…æ„Ÿåˆ†æã€ä¸­æ–‡ULMFiT-æƒ…æ„Ÿåˆ†æ-æ–‡æœ¬åˆ†ç±»-è¯­æ–™åŠæ¨¡å‹ã€ä¸€ä¸ªæ‹ç…§åšé¢˜ç¨‹åºã€ä¸–ç•Œå„å›½å¤§è§„æ¨¡äººååº“ã€ä¸€ä¸ªåˆ©ç”¨æœ‰è¶£ä¸­æ–‡è¯­æ–™åº“ qingyun è®­ç»ƒå‡ºæ¥çš„ä¸­æ–‡èŠå¤©æœºå™¨äººã€ä¸­æ–‡èŠå¤©æœºå™¨äººseqGANã€çœå¸‚åŒºé•‡è¡Œæ”¿åŒºåˆ’æ•°æ®å¸¦æ‹¼éŸ³æ ‡æ³¨ã€æ•™è‚²è¡Œä¸šæ–°é—»è¯­æ–™åº“åŒ…å«è‡ªåŠ¨æ–‡æ‘˜åŠŸèƒ½ã€å¼€æ”¾äº†å¯¹è¯æœºå™¨äºº-çŸ¥è¯†å›¾è°±-è¯­ä¹‰ç†è§£-è‡ªç„¶è¯­è¨€å¤„ç†å·¥å…·åŠæ•°æ®ã€ä¸­æ–‡çŸ¥è¯†å›¾è°±ï¼šåŸºäºç™¾åº¦ç™¾ç§‘ä¸­æ–‡é¡µé¢-æŠ½å–ä¸‰å…ƒç»„ä¿¡æ¯-æ„å»ºä¸­æ–‡çŸ¥è¯†å›¾è°±ã€masr: ä¸­æ–‡è¯­éŸ³è¯†åˆ«-æä¾›é¢„è®­ç»ƒæ¨¡å‹-é«˜è¯†åˆ«ç‡ã€PythonéŸ³é¢‘æ•°æ®å¢å¹¿åº“ã€ä¸­æ–‡å…¨è¯è¦†ç›–BERTåŠä¸¤ä»½é˜…è¯»ç†è§£æ•°æ®ã€ConvLabï¼šå¼€æºå¤šåŸŸç«¯åˆ°ç«¯å¯¹è¯ç³»ç»Ÿå¹³å°ã€ä¸­æ–‡è‡ªç„¶è¯­è¨€å¤„ç†æ•°æ®é›†ã€åŸºäºæœ€æ–°ç‰ˆæœ¬rasaæ­å»ºçš„å¯¹è¯ç³»ç»Ÿã€åŸºäºTensorFlowå’ŒBERTçš„ç®¡é“å¼å®ä½“åŠå…³ç³»æŠ½å–ã€ä¸€ä¸ªå°å‹çš„è¯åˆ¸çŸ¥è¯†å›¾è°±/çŸ¥è¯†åº“ã€å¤ç›˜æ‰€æœ‰NLPæ¯”èµ›çš„TOPæ–¹æ¡ˆã€OpenCLaPï¼šå¤šé¢†åŸŸå¼€æºä¸­æ–‡é¢„è®­ç»ƒè¯­è¨€æ¨¡å‹ä»“åº“ã€UERï¼šåŸºäºä¸åŒè¯­æ–™+ç¼–ç å™¨+ç›®æ ‡ä»»åŠ¡çš„ä¸­æ–‡é¢„è®­ç»ƒæ¨¡å‹ä»“åº“ã€ä¸­æ–‡è‡ªç„¶è¯­è¨€å¤„ç†å‘é‡åˆé›†ã€åŸºäºé‡‘è-å¸æ³•é¢†åŸŸ(å…¼æœ‰é—²èŠæ€§è´¨)çš„èŠå¤©æœºå™¨äººã€g2pCï¼šåŸºäºä¸Šä¸‹æ–‡çš„æ±‰è¯­è¯»éŸ³è‡ªåŠ¨æ ‡è®°æ¨¡å—ã€Zincbase çŸ¥è¯†å›¾è°±æ„å»ºå·¥å…·åŒ…ã€è¯—æ­Œè´¨é‡è¯„ä»·/ç»†ç²’åº¦æƒ…æ„Ÿè¯—æ­Œè¯­æ–™åº“ã€å¿«é€Ÿè½¬åŒ–ã€Œä¸­æ–‡æ•°å­—ã€å’Œã€Œé˜¿æ‹‰ä¼¯æ•°å­—ã€ã€ç™¾åº¦çŸ¥é“é—®ç­”è¯­æ–™åº“ã€åŸºäºçŸ¥è¯†å›¾è°±çš„é—®ç­”ç³»ç»Ÿã€jieba_fast åŠ é€Ÿç‰ˆçš„jiebaã€æ­£åˆ™è¡¨è¾¾å¼æ•™ç¨‹ã€ä¸­æ–‡é˜…è¯»ç†è§£æ•°æ®é›†ã€åŸºäºBERTç­‰æœ€æ–°è¯­è¨€æ¨¡å‹çš„æŠ½å–å¼æ‘˜è¦æå–ã€Pythonåˆ©ç”¨æ·±åº¦å­¦ä¹ è¿›è¡Œæ–‡æœ¬æ‘˜è¦çš„ç»¼åˆæŒ‡å—ã€çŸ¥è¯†å›¾è°±æ·±åº¦å­¦ä¹ ç›¸å…³èµ„æ–™æ•´ç†ã€ç»´åŸºå¤§è§„æ¨¡å¹³è¡Œæ–‡æœ¬è¯­æ–™ã€StanfordNLP 0.2.0ï¼šçº¯Pythonç‰ˆè‡ªç„¶è¯­è¨€å¤„ç†åŒ…ã€NeuralNLP-NeuralClassifierï¼šè…¾è®¯å¼€æºæ·±åº¦å­¦ä¹ æ–‡æœ¬åˆ†ç±»å·¥å…·ã€ç«¯åˆ°ç«¯çš„å°é—­åŸŸå¯¹è¯ç³»ç»Ÿã€ä¸­æ–‡å‘½åå®ä½“è¯†åˆ«ï¼šNeuroNER vs. BertNERã€æ–°é—»äº‹ä»¶çº¿ç´¢æŠ½å–ã€2019å¹´ç™¾åº¦çš„ä¸‰å…ƒç»„æŠ½å–æ¯”èµ›ï¼šâ€œç§‘å­¦ç©ºé—´é˜Ÿâ€æºç ã€åŸºäºä¾å­˜å¥æ³•çš„å¼€æ”¾åŸŸæ–‡æœ¬çŸ¥è¯†ä¸‰å…ƒç»„æŠ½å–å’ŒçŸ¥è¯†åº“æ„å»ºã€ä¸­æ–‡çš„GPT2è®­ç»ƒä»£ç ã€ML-NLP - æœºå™¨å­¦ä¹ (Machine Learning)NLPé¢è¯•ä¸­å¸¸è€ƒåˆ°çš„çŸ¥è¯†ç‚¹å’Œä»£ç å®ç°ã€nlp4han:ä¸­æ–‡è‡ªç„¶è¯­è¨€å¤„ç†å·¥å…·é›†(æ–­å¥/åˆ†è¯/è¯æ€§æ ‡æ³¨/ç»„å—/å¥æ³•åˆ†æ/è¯­ä¹‰åˆ†æ/NER/Nå…ƒè¯­æ³•/HMM/ä»£è¯æ¶ˆè§£/æƒ…æ„Ÿåˆ†æ/æ‹¼å†™æ£€æŸ¥ã€XLMï¼šFacebookçš„è·¨è¯­è¨€é¢„è®­ç»ƒè¯­è¨€æ¨¡å‹ã€ç”¨åŸºäºBERTçš„å¾®è°ƒå’Œç‰¹å¾æå–æ–¹æ³•æ¥è¿›è¡ŒçŸ¥è¯†å›¾è°±ç™¾åº¦ç™¾ç§‘äººç‰©è¯æ¡å±æ€§æŠ½å–ã€ä¸­æ–‡è‡ªç„¶è¯­è¨€å¤„ç†ç›¸å…³çš„å¼€æ”¾ä»»åŠ¡-æ•°æ®é›†-å½“å‰æœ€ä½³ç»“æœã€CoupletAI - åŸºäºCNN+Bi-LSTM+Attention çš„è‡ªåŠ¨å¯¹å¯¹è”ç³»ç»Ÿã€æŠ½è±¡çŸ¥è¯†å›¾è°±ã€MiningZhiDaoQACorpus - 580ä¸‡ç™¾åº¦çŸ¥é“é—®ç­”æ•°æ®æŒ–æ˜é¡¹ç›®ã€brat rapid annotation tool: åºåˆ—æ ‡æ³¨å·¥å…·ã€å¤§è§„æ¨¡ä¸­æ–‡çŸ¥è¯†å›¾è°±æ•°æ®ï¼š1.4äº¿å®ä½“ã€æ•°æ®å¢å¼ºåœ¨æœºå™¨ç¿»è¯‘åŠå…¶ä»–nlpä»»åŠ¡ä¸­çš„åº”ç”¨åŠæ•ˆæœã€allennlpé˜…è¯»ç†è§£:æ”¯æŒå¤šç§æ•°æ®å’Œæ¨¡å‹ã€PDFè¡¨æ ¼æ•°æ®æå–å·¥å…· ã€ Graphbrainï¼šAIå¼€æºè½¯ä»¶åº“å’Œç§‘ç ”å·¥å…·ï¼Œç›®çš„æ˜¯ä¿ƒè¿›è‡ªåŠ¨æ„ä¹‰æå–å’Œæ–‡æœ¬ç†è§£ä»¥åŠçŸ¥è¯†çš„æ¢ç´¢å’Œæ¨æ–­ã€ç®€å†è‡ªåŠ¨ç­›é€‰ç³»ç»Ÿã€åŸºäºå‘½åå®ä½“è¯†åˆ«çš„ç®€å†è‡ªåŠ¨æ‘˜è¦ã€ä¸­æ–‡è¯­è¨€ç†è§£æµ‹è¯„åŸºå‡†ï¼ŒåŒ…æ‹¬ä»£è¡¨æ€§çš„æ•°æ®é›†&åŸºå‡†æ¨¡å‹&è¯­æ–™åº“&æ’è¡Œæ¦œã€æ ‘æ´ OCR æ–‡å­—è¯†åˆ« ã€ä»åŒ…å«è¡¨æ ¼çš„æ‰«æå›¾ç‰‡ä¸­è¯†åˆ«è¡¨æ ¼å’Œæ–‡å­—ã€è¯­å£°è¿ç§»ã€Pythonå£è¯­è‡ªç„¶è¯­è¨€å¤„ç†å·¥å…·é›†(è‹±æ–‡)ã€ similarityï¼šç›¸ä¼¼åº¦è®¡ç®—å·¥å…·åŒ…ï¼Œjavaç¼–å†™ã€æµ·é‡ä¸­æ–‡é¢„è®­ç»ƒALBERTæ¨¡å‹ ã€Transformers 2.0 ã€åŸºäºå¤§è§„æ¨¡éŸ³é¢‘æ•°æ®é›†Audiosetçš„éŸ³é¢‘å¢å¼º ã€Poplarï¼šç½‘é¡µç‰ˆè‡ªç„¶è¯­è¨€æ ‡æ³¨å·¥å…·ã€å›¾ç‰‡æ–‡å­—å»é™¤ï¼Œå¯ç”¨äºæ¼«ç”»ç¿»è¯‘ ã€186ç§è¯­è¨€çš„æ•°å­—å«æ³•åº“ã€Amazonå‘å¸ƒåŸºäºçŸ¥è¯†çš„äºº-äººå¼€æ”¾é¢†åŸŸå¯¹è¯æ•°æ®é›† ã€ä¸­æ–‡æ–‡æœ¬çº é”™æ¨¡å—ä»£ç ã€ç¹ç®€ä½“è½¬æ¢ ã€ Pythonå®ç°çš„å¤šç§æ–‡æœ¬å¯è¯»æ€§è¯„ä»·æŒ‡æ ‡ã€ç±»ä¼¼äºäººå/åœ°å/ç»„ç»‡æœºæ„åçš„å‘½åä½“è¯†åˆ«æ•°æ®é›† ã€ä¸œå—å¤§å­¦ã€ŠçŸ¥è¯†å›¾è°±ã€‹ç ”ç©¶ç”Ÿè¯¾ç¨‹(èµ„æ–™)ã€. è‹±æ–‡æ‹¼å†™æ£€æŸ¥åº“ ã€ wwsearchæ˜¯ä¼ä¸šå¾®ä¿¡åå°è‡ªç ”çš„å…¨æ–‡æ£€ç´¢å¼•æ“ã€CHAMELEONï¼šæ·±åº¦å­¦ä¹ æ–°é—»æ¨èç³»ç»Ÿå…ƒæ¶æ„ ã€ 8ç¯‡è®ºæ–‡æ¢³ç†BERTç›¸å…³æ¨¡å‹è¿›å±•ä¸åæ€ã€DocSearchï¼šå…è´¹æ–‡æ¡£æœç´¢å¼•æ“ã€ LIDAï¼šè½»é‡äº¤äº’å¼å¯¹è¯æ ‡æ³¨å·¥å…· ã€aili - the fastest in-memory index in the East ä¸œåŠçƒæœ€å¿«å¹¶å‘ç´¢å¼• ã€çŸ¥è¯†å›¾è°±è½¦éŸ³å·¥ä½œé¡¹ç›®ã€è‡ªç„¶è¯­è¨€ç”Ÿæˆèµ„æºå¤§å…¨ ã€ä¸­æ—¥éŸ©åˆ†è¯åº“mecabçš„Pythonæ¥å£åº“ã€ä¸­æ–‡æ–‡æœ¬æ‘˜è¦/å…³é”®è¯æå–ã€æ±‰å­—å­—ç¬¦ç‰¹å¾æå–å™¨ (featurizer)ï¼Œæå–æ±‰å­—çš„ç‰¹å¾ï¼ˆå‘éŸ³ç‰¹å¾ã€å­—å½¢ç‰¹å¾ï¼‰ç”¨åšæ·±åº¦å­¦ä¹ çš„ç‰¹å¾ã€ä¸­æ–‡ç”Ÿæˆä»»åŠ¡åŸºå‡†æµ‹è¯„ ã€ä¸­æ–‡ç¼©å†™æ•°æ®é›†ã€ä¸­æ–‡ä»»åŠ¡åŸºå‡†æµ‹è¯„ - ä»£è¡¨æ€§çš„æ•°æ®é›†-åŸºå‡†(é¢„è®­ç»ƒ)æ¨¡å‹-è¯­æ–™åº“-baseline-å·¥å…·åŒ…-æ’è¡Œæ¦œã€PySS3ï¼šé¢å‘å¯è§£é‡ŠAIçš„SS3æ–‡æœ¬åˆ†ç±»å™¨æœºå™¨å¯è§†åŒ–å·¥å…· ã€ä¸­æ–‡NLPæ•°æ®é›†åˆ—è¡¨ã€COPE - æ ¼å¾‹è¯—ç¼–è¾‘ç¨‹åºã€doccanoï¼šåŸºäºç½‘é¡µçš„å¼€æºååŒå¤šè¯­è¨€æ–‡æœ¬æ ‡æ³¨å·¥å…· ã€PreNLPï¼šè‡ªç„¶è¯­è¨€é¢„å¤„ç†åº“ã€ç®€å•çš„ç®€å†è§£æå™¨ï¼Œç”¨æ¥ä»ç®€å†ä¸­æå–å…³é”®ä¿¡æ¯ã€ç”¨äºä¸­æ–‡é—²èŠçš„GPT2æ¨¡å‹ï¼šGPT2-chitchatã€åŸºäºæ£€ç´¢èŠå¤©æœºå™¨äººå¤šè½®å“åº”é€‰æ‹©ç›¸å…³èµ„æºåˆ—è¡¨(Leaderboardsã€Datasetsã€Papers)ã€(Colab)æŠ½è±¡æ–‡æœ¬æ‘˜è¦å®ç°é›†é”¦(æ•™ç¨‹ ã€è¯è¯­æ‹¼éŸ³æ•°æ®ã€é«˜æ•ˆæ¨¡ç³Šæœç´¢å·¥å…·ã€NLPæ•°æ®å¢å¹¿èµ„æºé›†ã€å¾®è½¯å¯¹è¯æœºå™¨äººæ¡†æ¶ ã€ GitHub Typo Corpusï¼šå¤§è§„æ¨¡GitHubå¤šè¯­è¨€æ‹¼å†™é”™è¯¯/è¯­æ³•é”™è¯¯æ•°æ®é›†ã€TextClusterï¼šçŸ­æ–‡æœ¬èšç±»é¢„å¤„ç†æ¨¡å— Short text clusterã€é¢å‘è¯­éŸ³è¯†åˆ«çš„ä¸­æ–‡æ–‡æœ¬è§„èŒƒåŒ–ã€BLINKï¼šæœ€å…ˆè¿›çš„å®ä½“é“¾æ¥åº“ã€BertPuncï¼šåŸºäºBERTçš„æœ€å…ˆè¿›æ ‡ç‚¹ä¿®å¤æ¨¡å‹ã€Tokenizerï¼šå¿«é€Ÿã€å¯å®šåˆ¶çš„æ–‡æœ¬è¯æ¡åŒ–åº“ã€ä¸­æ–‡è¯­è¨€ç†è§£æµ‹è¯„åŸºå‡†ï¼ŒåŒ…æ‹¬ä»£è¡¨æ€§çš„æ•°æ®é›†ã€åŸºå‡†(é¢„è®­ç»ƒ)æ¨¡å‹ã€è¯­æ–™åº“ã€æ’è¡Œæ¦œã€spaCy åŒ»å­¦æ–‡æœ¬æŒ–æ˜ä¸ä¿¡æ¯æå– ã€ NLPä»»åŠ¡ç¤ºä¾‹é¡¹ç›®ä»£ç é›†ã€ pythonæ‹¼å†™æ£€æŸ¥åº“ã€chatbot-list - è¡Œä¸šå†…å…³äºæ™ºèƒ½å®¢æœã€èŠå¤©æœºå™¨äººçš„åº”ç”¨å’Œæ¶æ„ã€ç®—æ³•åˆ†äº«å’Œä»‹ç»ã€è¯­éŸ³è´¨é‡è¯„ä»·æŒ‡æ ‡(MOSNet, BSSEval, STOI, PESQ, SRMR)ã€ ç”¨138GBè¯­æ–™è®­ç»ƒçš„æ³•æ–‡RoBERTaé¢„è®­ç»ƒè¯­è¨€æ¨¡å‹ ã€BERT-NER-Pytorchï¼šä¸‰ç§ä¸åŒæ¨¡å¼çš„BERTä¸­æ–‡NERå®éªŒã€æ— é“è¯å…¸ - æœ‰é“è¯å…¸çš„å‘½ä»¤è¡Œç‰ˆæœ¬ï¼Œæ”¯æŒè‹±æ±‰äº’æŸ¥å’Œåœ¨çº¿æŸ¥è¯¢ã€2019å¹´NLPäº®ç‚¹å›é¡¾ã€ Chinese medical dialogue data ä¸­æ–‡åŒ»ç–—å¯¹è¯æ•°æ®é›† ã€æœ€å¥½çš„æ±‰å­—æ•°å­—(ä¸­æ–‡æ•°å­—)-é˜¿æ‹‰ä¼¯æ•°å­—è½¬æ¢å·¥å…·ã€ åŸºäºç™¾ç§‘çŸ¥è¯†åº“çš„ä¸­æ–‡è¯è¯­å¤šè¯ä¹‰/ä¹‰é¡¹è·å–ä¸ç‰¹å®šå¥å­è¯è¯­è¯­ä¹‰æ¶ˆæ­§ã€awesome-nlp-sentiment-analysis - æƒ…æ„Ÿåˆ†æã€æƒ…ç»ªåŸå› è¯†åˆ«ã€è¯„ä»·å¯¹è±¡å’Œè¯„ä»·è¯æŠ½å–ã€LineFlowï¼šé¢å‘æ‰€æœ‰æ·±åº¦å­¦ä¹ æ¡†æ¶çš„NLPæ•°æ®é«˜æ•ˆåŠ è½½å™¨ã€ä¸­æ–‡åŒ»å­¦NLPå…¬å¼€èµ„æºæ•´ç† ã€MedQuADï¼š(è‹±æ–‡)åŒ»å­¦é—®ç­”æ•°æ®é›†ã€å°†è‡ªç„¶è¯­è¨€æ•°å­—ä¸²è§£æè½¬æ¢ä¸ºæ•´æ•°å’Œæµ®ç‚¹æ•°ã€Transfer Learning in Natural Language Processing (NLP) ã€é¢å‘è¯­éŸ³è¯†åˆ«çš„ä¸­æ–‡/è‹±æ–‡å‘éŸ³è¾å…¸ã€Tokenizersï¼šæ³¨é‡æ€§èƒ½ä¸å¤šåŠŸèƒ½æ€§çš„æœ€å…ˆè¿›åˆ†è¯å™¨ã€CLUENER ç»†ç²’åº¦å‘½åå®ä½“è¯†åˆ« Fine Grained Named Entity Recognitionã€ åŸºäºBERTçš„ä¸­æ–‡å‘½åå®ä½“è¯†åˆ«ã€ä¸­æ–‡è°£è¨€æ•°æ®åº“ã€NLPæ•°æ®é›†/åŸºå‡†ä»»åŠ¡å¤§åˆ—è¡¨ã€nlpç›¸å…³çš„ä¸€äº›è®ºæ–‡åŠä»£ç , åŒ…æ‹¬ä¸»é¢˜æ¨¡å‹ã€è¯å‘é‡(Word Embedding)ã€å‘½åå®ä½“è¯†åˆ«(NER)ã€æ–‡æœ¬åˆ†ç±»(Text Classificatin)ã€æ–‡æœ¬ç”Ÿæˆ(Text Generation)ã€æ–‡æœ¬ç›¸ä¼¼æ€§(Text Similarity)è®¡ç®—ç­‰ï¼Œæ¶‰åŠåˆ°å„ç§ä¸nlpç›¸å…³çš„ç®—æ³•ï¼ŒåŸºäºkeraså’Œtensorflow ã€Pythonæ–‡æœ¬æŒ–æ˜/NLPå®æˆ˜ç¤ºä¾‹ã€ Blackstoneï¼šé¢å‘éç»“æ„åŒ–æ³•å¾‹æ–‡æœ¬çš„spaCy pipelineå’ŒNLPæ¨¡å‹é€šè¿‡åŒä¹‰è¯æ›¿æ¢å®ç°æ–‡æœ¬â€œå˜è„¸â€ ã€ä¸­æ–‡ é¢„è®­ç»ƒ ELECTREA æ¨¡å‹: åŸºäºå¯¹æŠ—å­¦ä¹  pretrain Chinese Model ã€albert-chinese-ner - ç”¨é¢„è®­ç»ƒè¯­è¨€æ¨¡å‹ALBERTåšä¸­æ–‡NER ã€åŸºäºGPT2çš„ç‰¹å®šä¸»é¢˜æ–‡æœ¬ç”Ÿæˆ/æ–‡æœ¬å¢å¹¿ã€å¼€æºé¢„è®­ç»ƒè¯­è¨€æ¨¡å‹åˆé›†ã€å¤šè¯­è¨€å¥å‘é‡åŒ…ã€ç¼–ç ã€æ ‡è®°å’Œå®ç°ï¼šä¸€ç§å¯æ§é«˜æ•ˆçš„æ–‡æœ¬ç”Ÿæˆæ–¹æ³•ã€ è‹±æ–‡è„è¯å¤§åˆ—è¡¨ ã€attnvisï¼šGPT2ã€BERTç­‰transformerè¯­è¨€æ¨¡å‹æ³¨æ„åŠ›äº¤äº’å¯è§†åŒ–ã€CoVoSTï¼šFacebookå‘å¸ƒçš„å¤šè¯­ç§è¯­éŸ³-æ–‡æœ¬ç¿»è¯‘è¯­æ–™åº“ï¼ŒåŒ…æ‹¬11ç§è¯­è¨€(æ³•è¯­ã€å¾·è¯­ã€è·å…°è¯­ã€ä¿„è¯­ã€è¥¿ç­ç‰™è¯­ã€æ„å¤§åˆ©è¯­ã€åœŸè€³å…¶è¯­ã€æ³¢æ–¯è¯­ã€ç‘å…¸è¯­ã€è’™å¤è¯­å’Œä¸­æ–‡)çš„è¯­éŸ³ã€æ–‡å­—è½¬å½•åŠè‹±æ–‡è¯‘æ–‡ã€Jiaguè‡ªç„¶è¯­è¨€å¤„ç†å·¥å…· - ä»¥BiLSTMç­‰æ¨¡å‹ä¸ºåŸºç¡€ï¼Œæä¾›çŸ¥è¯†å›¾è°±å…³ç³»æŠ½å– ä¸­æ–‡åˆ†è¯ è¯æ€§æ ‡æ³¨ å‘½åå®ä½“è¯†åˆ« æƒ…æ„Ÿåˆ†æ æ–°è¯å‘ç° å…³é”®è¯ æ–‡æœ¬æ‘˜è¦ æ–‡æœ¬èšç±»ç­‰åŠŸèƒ½ã€ç”¨unetå®ç°å¯¹æ–‡æ¡£è¡¨æ ¼çš„è‡ªåŠ¨æ£€æµ‹ï¼Œè¡¨æ ¼é‡å»ºã€NLPäº‹ä»¶æå–æ–‡çŒ®èµ„æºåˆ—è¡¨ ã€ é‡‘èé¢†åŸŸè‡ªç„¶è¯­è¨€å¤„ç†ç ”ç©¶èµ„æºå¤§åˆ—è¡¨ã€CLUEDatasetSearch - ä¸­è‹±æ–‡NLPæ•°æ®é›†ï¼šæœç´¢æ‰€æœ‰ä¸­æ–‡NLPæ•°æ®é›†ï¼Œé™„å¸¸ç”¨è‹±æ–‡NLPæ•°æ®é›† ã€medical_NER - ä¸­æ–‡åŒ»å­¦çŸ¥è¯†å›¾è°±å‘½åå®ä½“è¯†åˆ« ã€(å“ˆä½›)è®²å› æœæ¨ç†çš„å…è´¹ä¹¦ã€çŸ¥è¯†å›¾è°±ç›¸å…³å­¦ä¹ èµ„æ–™/æ•°æ®é›†/å·¥å…·èµ„æºå¤§åˆ—è¡¨ã€Forteï¼šçµæ´»å¼ºå¤§çš„è‡ªç„¶è¯­è¨€å¤„ç†pipelineå·¥å…·é›† ã€Pythonå­—ç¬¦ä¸²ç›¸ä¼¼æ€§ç®—æ³•åº“ã€PyLaiaï¼šé¢å‘æ‰‹å†™æ–‡æ¡£åˆ†æçš„æ·±åº¦å­¦ä¹ å·¥å…·åŒ…ã€TextFoolerï¼šé’ˆå¯¹æ–‡æœ¬åˆ†ç±»/æ¨ç†çš„å¯¹æŠ—æ–‡æœ¬ç”Ÿæˆæ¨¡å—ã€Haystackï¼šçµæ´»ã€å¼ºå¤§çš„å¯æ‰©å±•é—®ç­”(QA)æ¡†æ¶ã€ä¸­æ–‡å…³é”®çŸ­è¯­æŠ½å–å·¥å…·",2018-08-21T11:20:39Z,137706,18265,Python,5447,1.0,1,18265,https://api.github.com/repos/fighting41love/funNLP/languages,https://api.github.com/repos/fighting41love/funNLP/contributors,https://api.github.com/repos/fighting41love/funNLP/issues/events{/number},https://api.github.com/repos/fighting41love/funNLP/issues/comments{/number},https://api.github.com/repos/fighting41love/funNLP/issues{/number},https://api.github.com/repos/fighting41love/funNLP/releases{/id},https://api.github.com/repos/fighting41love/funNLP/pulls{/number},'Python
1,6934395,rocksdb,https://github.com/facebook/rocksdb,"A library that provides an embeddable, persistent key-value store for fast storage.",2012-11-30T06:16:18Z,147892,16268,C++,3648,1.0,468,16268,https://api.github.com/repos/facebook/rocksdb/languages,https://api.github.com/repos/facebook/rocksdb/contributors,https://api.github.com/repos/facebook/rocksdb/issues/events{/number},https://api.github.com/repos/facebook/rocksdb/issues/comments{/number},https://api.github.com/repos/facebook/rocksdb/issues{/number},https://api.github.com/repos/facebook/rocksdb/releases{/id},https://api.github.com/repos/facebook/rocksdb/pulls{/number},"'C++, Java, Python, Perl, C, Shell, Makefile, CMake, PowerShell, Assembly, PHP, JavaScript, Starlark, Ruby, Dockerfile"
2,15345331,bolt,https://github.com/boltdb/bolt,An embedded key/value database for Go.,2013-12-20T18:26:14Z,1326,10552,Go,1210,1.0,84,10552,https://api.github.com/repos/boltdb/bolt/languages,https://api.github.com/repos/boltdb/bolt/contributors,https://api.github.com/repos/boltdb/bolt/issues/events{/number},https://api.github.com/repos/boltdb/bolt/issues/comments{/number},https://api.github.com/repos/boltdb/bolt/issues{/number},https://api.github.com/repos/boltdb/bolt/releases{/id},https://api.github.com/repos/boltdb/bolt/pulls{/number},"'Go, Makefile"
3,15337142,micropython,https://github.com/micropython/micropython,MicroPython - a lean and efficient Python implementation for microcontrollers and constrained systems,2013-12-20T11:47:07Z,43650,10229,C,3264,1.0,959,10229,https://api.github.com/repos/micropython/micropython/languages,https://api.github.com/repos/micropython/micropython/contributors,https://api.github.com/repos/micropython/micropython/issues/events{/number},https://api.github.com/repos/micropython/micropython/issues/comments{/number},https://api.github.com/repos/micropython/micropython/issues{/number},https://api.github.com/repos/micropython/micropython/releases{/id},https://api.github.com/repos/micropython/micropython/pulls{/number},"'C, Python, C++, Makefile, Shell, Assembly, Objective-C, JavaScript, CMake"
4,30136107,editor.md,https://github.com/pandao/editor.md,The open source embeddable online markdown editor (component).,2015-02-01T04:24:14Z,16106,9139,JavaScript,1830,1.0,412,9139,https://api.github.com/repos/pandao/editor.md/languages,https://api.github.com/repos/pandao/editor.md/contributors,https://api.github.com/repos/pandao/editor.md/issues/events{/number},https://api.github.com/repos/pandao/editor.md/issues/comments{/number},https://api.github.com/repos/pandao/editor.md/issues{/number},https://api.github.com/repos/pandao/editor.md/releases{/id},https://api.github.com/repos/pandao/editor.md/pulls{/number},"'JavaScript, CSS, HTML"
5,613829,lua-nginx-module,https://github.com/openresty/lua-nginx-module,Embed the Power of Lua into NGINX HTTP servers,2010-04-16T15:59:01Z,14306,8233,C,1697,1.0,261,8233,https://api.github.com/repos/openresty/lua-nginx-module/languages,https://api.github.com/repos/openresty/lua-nginx-module/contributors,https://api.github.com/repos/openresty/lua-nginx-module/issues/events{/number},https://api.github.com/repos/openresty/lua-nginx-module/issues/comments{/number},https://api.github.com/repos/openresty/lua-nginx-module/issues{/number},https://api.github.com/repos/openresty/lua-nginx-module/releases{/id},https://api.github.com/repos/openresty/lua-nginx-module/pulls{/number},"'C, Lua, Perl, Shell, DTrace, Makefile"
6,55058317,routersploit,https://github.com/threat9/routersploit,Exploitation Framework for Embedded Devices,2016-03-30T11:43:12Z,1807,7793,Python,1602,1.0,81,7793,https://api.github.com/repos/threat9/routersploit/languages,https://api.github.com/repos/threat9/routersploit/contributors,https://api.github.com/repos/threat9/routersploit/issues/events{/number},https://api.github.com/repos/threat9/routersploit/issues/comments{/number},https://api.github.com/repos/threat9/routersploit/issues{/number},https://api.github.com/repos/threat9/routersploit/releases{/id},https://api.github.com/repos/threat9/routersploit/pulls{/number},"'Python, Makefile, Shell, Dockerfile"
7,37743219,simplemde-markdown-editor,https://github.com/sparksuite/simplemde-markdown-editor,"A simple, beautiful, and embeddable JavaScript Markdown editor. Delightful editing for beginners and experts alike. Features built-in autosaving and spell checking.",2015-06-19T20:03:05Z,9344,7513,JavaScript,1115,1.0,242,7513,https://api.github.com/repos/sparksuite/simplemde-markdown-editor/languages,https://api.github.com/repos/sparksuite/simplemde-markdown-editor/contributors,https://api.github.com/repos/sparksuite/simplemde-markdown-editor/issues/events{/number},https://api.github.com/repos/sparksuite/simplemde-markdown-editor/issues/comments{/number},https://api.github.com/repos/sparksuite/simplemde-markdown-editor/issues{/number},https://api.github.com/repos/sparksuite/simplemde-markdown-editor/releases{/id},https://api.github.com/repos/sparksuite/simplemde-markdown-editor/pulls{/number},"'JavaScript, CSS"
8,15225670,jitsi-meet,https://github.com/jitsi/jitsi-meet,"Jitsi Meet - Secure, Simple and Scalable Video Conferences that you use as a standalone app or embed in your web application.",2013-12-16T12:51:09Z,161257,6857,JavaScript,1959,1.0,151,6857,https://api.github.com/repos/jitsi/jitsi-meet/languages,https://api.github.com/repos/jitsi/jitsi-meet/contributors,https://api.github.com/repos/jitsi/jitsi-meet/issues/events{/number},https://api.github.com/repos/jitsi/jitsi-meet/issues/comments{/number},https://api.github.com/repos/jitsi/jitsi-meet/issues{/number},https://api.github.com/repos/jitsi/jitsi-meet/releases{/id},https://api.github.com/repos/jitsi/jitsi-meet/pulls{/number},"'JavaScript, Java, CSS, Lua, Objective-C, Swift, Shell, HTML, Ruby, Makefile, Starlark"
9,1135454,CefSharp,https://github.com/cefsharp/CefSharp,.NET (WPF and Windows Forms) bindings for the Chromium Embedded Framework,2010-12-03T15:23:23Z,278477,6823,C#,2352,1.0,69,6823,https://api.github.com/repos/cefsharp/CefSharp/languages,https://api.github.com/repos/cefsharp/CefSharp/contributors,https://api.github.com/repos/cefsharp/CefSharp/issues/events{/number},https://api.github.com/repos/cefsharp/CefSharp/issues/comments{/number},https://api.github.com/repos/cefsharp/CefSharp/issues{/number},https://api.github.com/repos/cefsharp/CefSharp/releases{/id},https://api.github.com/repos/cefsharp/CefSharp/pulls{/number},"'C#, C++, HTML, CSS, PowerShell, JavaScript, C, Batchfile"
10,5414488,mongoose,https://github.com/cesanta/mongoose,"Mongoose Embedded Web Server Library - Mongoose is more than an embedded webserver. It is a multi-protocol embedded networking library with functions including TCP, HTTP client and server, WebSocket client and server,  MQTT client and broker and much more.  ",2012-08-14T15:09:51Z,15100,6140,C,1804,1.0,193,6140,https://api.github.com/repos/cesanta/mongoose/languages,https://api.github.com/repos/cesanta/mongoose/contributors,https://api.github.com/repos/cesanta/mongoose/issues/events{/number},https://api.github.com/repos/cesanta/mongoose/issues/comments{/number},https://api.github.com/repos/cesanta/mongoose/issues{/number},https://api.github.com/repos/cesanta/mongoose/releases{/id},https://api.github.com/repos/cesanta/mongoose/pulls{/number},"'C, Assembly, Python, HTML, Makefile, C++, Shell, Batchfile, JavaScript"
11,34408310,code-prettify,https://github.com/google/code-prettify,An embeddable script that makes source-code snippets in HTML prettier.,2015-04-22T18:32:17Z,16841,5298,JavaScript,871,1.0,222,5298,https://api.github.com/repos/google/code-prettify/languages,https://api.github.com/repos/google/code-prettify/contributors,https://api.github.com/repos/google/code-prettify/issues/events{/number},https://api.github.com/repos/google/code-prettify/issues/comments{/number},https://api.github.com/repos/google/code-prettify/issues{/number},https://api.github.com/repos/google/code-prettify/releases{/id},https://api.github.com/repos/google/code-prettify/pulls{/number},"'JavaScript, HTML, CSS, Perl"
12,5374914,nanohttpd,https://github.com/NanoHttpd/nanohttpd,"Tiny, easily embeddable HTTP server in Java.",2012-08-10T21:52:42Z,1362,5290,Java,1468,1.0,145,5290,https://api.github.com/repos/NanoHttpd/nanohttpd/languages,https://api.github.com/repos/NanoHttpd/nanohttpd/contributors,https://api.github.com/repos/NanoHttpd/nanohttpd/issues/events{/number},https://api.github.com/repos/NanoHttpd/nanohttpd/issues/comments{/number},https://api.github.com/repos/NanoHttpd/nanohttpd/issues{/number},https://api.github.com/repos/NanoHttpd/nanohttpd/releases{/id},https://api.github.com/repos/NanoHttpd/nanohttpd/pulls{/number},"'Java, HTML"
13,11654790,LokiJS,https://github.com/techfort/LokiJS,javascript embeddable / in-memory database,2013-07-25T07:39:20Z,8579,5240,JavaScript,414,1.0,10,5240,https://api.github.com/repos/techfort/LokiJS/languages,https://api.github.com/repos/techfort/LokiJS/contributors,https://api.github.com/repos/techfort/LokiJS/issues/events{/number},https://api.github.com/repos/techfort/LokiJS/issues/comments{/number},https://api.github.com/repos/techfort/LokiJS/issues{/number},https://api.github.com/repos/techfort/LokiJS/releases{/id},https://api.github.com/repos/techfort/LokiJS/pulls{/number},"'JavaScript, HTML"
14,2998811,CocoaHTTPServer,https://github.com/robbiehanson/CocoaHTTPServer,"A small, lightweight, embeddable HTTP server for Mac OS X or iOS applications",2011-12-17T00:45:21Z,1730,5159,Objective-C,1239,1.0,127,5159,https://api.github.com/repos/robbiehanson/CocoaHTTPServer/languages,https://api.github.com/repos/robbiehanson/CocoaHTTPServer/contributors,https://api.github.com/repos/robbiehanson/CocoaHTTPServer/issues/events{/number},https://api.github.com/repos/robbiehanson/CocoaHTTPServer/issues/comments{/number},https://api.github.com/repos/robbiehanson/CocoaHTTPServer/issues{/number},https://api.github.com/repos/robbiehanson/CocoaHTTPServer/releases{/id},https://api.github.com/repos/robbiehanson/CocoaHTTPServer/pulls{/number},'Objective-C
15,104208128,Paddle-Lite,https://github.com/PaddlePaddle/Paddle-Lite,Multi-platform high performance  deep learning inference engine (ã€é£æ¡¨ã€å¤šå¹³å°é«˜æ€§èƒ½æ·±åº¦å­¦ä¹ é¢„æµ‹å¼•æ“ï¼‰,2017-09-20T11:41:42Z,302896,4877,C++,1042,1.0,152,4877,https://api.github.com/repos/PaddlePaddle/Paddle-Lite/languages,https://api.github.com/repos/PaddlePaddle/Paddle-Lite/contributors,https://api.github.com/repos/PaddlePaddle/Paddle-Lite/issues/events{/number},https://api.github.com/repos/PaddlePaddle/Paddle-Lite/issues/comments{/number},https://api.github.com/repos/PaddlePaddle/Paddle-Lite/issues{/number},https://api.github.com/repos/PaddlePaddle/Paddle-Lite/releases{/id},https://api.github.com/repos/PaddlePaddle/Paddle-Lite/pulls{/number},"'C++, C, Swift, CMake, Metal, Python, Cuda, JavaScript, Shell, Java, Objective-C++, Objective-C, HTML, Awk, Dockerfile, Ruby"
16,2310615,FitVids.js,https://github.com/davatron5000/FitVids.js,"A lightweight, easy-to-use jQuery plugin for fluid width video embeds.",2011-09-01T22:06:04Z,97,4738,HTML,1012,1.0,33,4738,https://api.github.com/repos/davatron5000/FitVids.js/languages,https://api.github.com/repos/davatron5000/FitVids.js/contributors,https://api.github.com/repos/davatron5000/FitVids.js/issues/events{/number},https://api.github.com/repos/davatron5000/FitVids.js/issues/comments{/number},https://api.github.com/repos/davatron5000/FitVids.js/issues{/number},https://api.github.com/repos/davatron5000/FitVids.js/releases{/id},https://api.github.com/repos/davatron5000/FitVids.js/pulls{/number},"'HTML, JavaScript"
17,15852088,duktape,https://github.com/svaarala/duktape,Duktape - embeddable Javascript engine with a focus on portability and compact footprint,2014-01-12T22:16:14Z,71841,4343,JavaScript,431,1.0,400,4343,https://api.github.com/repos/svaarala/duktape/languages,https://api.github.com/repos/svaarala/duktape/contributors,https://api.github.com/repos/svaarala/duktape/issues/events{/number},https://api.github.com/repos/svaarala/duktape/issues/comments{/number},https://api.github.com/repos/svaarala/duktape/issues{/number},https://api.github.com/repos/svaarala/duktape/releases{/id},https://api.github.com/repos/svaarala/duktape/pulls{/number},"'JavaScript, C, Python, HTML, Makefile, C++, Lua, Raku, CSS, Ruby, Objective-C, Shell, Dockerfile, Java, CoffeeScript, Perl"
18,3277032,EpicEditor,https://github.com/OscarGodson/EpicEditor,"EpicEditor is an embeddable JavaScript Markdown editor with split fullscreen editing, live previewing, automatic draft saving, offline support, and more. For developers, it offers a robust API, can be easily themed, and allows you to swap out the bundled Markdown parser with anything you throw at it.",2012-01-26T20:11:47Z,1483,4326,JavaScript,363,1.0,90,4326,https://api.github.com/repos/OscarGodson/EpicEditor/languages,https://api.github.com/repos/OscarGodson/EpicEditor/contributors,https://api.github.com/repos/OscarGodson/EpicEditor/issues/events{/number},https://api.github.com/repos/OscarGodson/EpicEditor/issues/comments{/number},https://api.github.com/repos/OscarGodson/EpicEditor/issues{/number},https://api.github.com/repos/OscarGodson/EpicEditor/releases{/id},https://api.github.com/repos/OscarGodson/EpicEditor/pulls{/number},"'JavaScript, HTML, CSS"
19,15802263,ArduinoJson,https://github.com/bblanchon/ArduinoJson,ğŸ“Ÿ JSON library for Arduino and embedded C++. Simple and efficient.,2014-01-10T15:54:52Z,3986,4324,C++,833,1.0,11,4324,https://api.github.com/repos/bblanchon/ArduinoJson/languages,https://api.github.com/repos/bblanchon/ArduinoJson/contributors,https://api.github.com/repos/bblanchon/ArduinoJson/issues/events{/number},https://api.github.com/repos/bblanchon/ArduinoJson/issues/comments{/number},https://api.github.com/repos/bblanchon/ArduinoJson/issues{/number},https://api.github.com/repos/bblanchon/ArduinoJson/releases{/id},https://api.github.com/repos/bblanchon/ArduinoJson/pulls{/number},"'C++, CMake, Shell, Makefile, C"
20,28671602,ejs,https://github.com/mde/ejs,Embedded JavaScript templates -- http://ejs.co,2014-12-31T17:49:35Z,6835,4276,JavaScript,480,1.0,70,4276,https://api.github.com/repos/mde/ejs/languages,https://api.github.com/repos/mde/ejs/contributors,https://api.github.com/repos/mde/ejs/issues/events{/number},https://api.github.com/repos/mde/ejs/issues/comments{/number},https://api.github.com/repos/mde/ejs/issues{/number},https://api.github.com/repos/mde/ejs/releases{/id},https://api.github.com/repos/mde/ejs/pulls{/number},'JavaScript
21,766625,ejs,https://github.com/tj/ejs,Embedded JavaScript templates for node,2010-07-09T19:55:35Z,1183,4262,JavaScript,540,1.0,103,4262,https://api.github.com/repos/tj/ejs/languages,https://api.github.com/repos/tj/ejs/contributors,https://api.github.com/repos/tj/ejs/issues/events{/number},https://api.github.com/repos/tj/ejs/issues/comments{/number},https://api.github.com/repos/tj/ejs/issues{/number},https://api.github.com/repos/tj/ejs/releases{/id},https://api.github.com/repos/tj/ejs/pulls{/number},"'JavaScript, Makefile"
22,6376337,poco,https://github.com/pocoproject/poco,"The POCO C++ Libraries are powerful cross-platform C++ libraries for building network- and internet-based applications that run on desktop, server, mobile, IoT, and embedded systems.",2012-10-24T19:39:16Z,138034,4235,C,1378,1.0,360,4235,https://api.github.com/repos/pocoproject/poco/languages,https://api.github.com/repos/pocoproject/poco/contributors,https://api.github.com/repos/pocoproject/poco/issues/events{/number},https://api.github.com/repos/pocoproject/poco/issues/comments{/number},https://api.github.com/repos/pocoproject/poco/issues{/number},https://api.github.com/repos/pocoproject/poco/releases{/id},https://api.github.com/repos/pocoproject/poco/pulls{/number},"'C, C++, CMake, JavaScript, Makefile, Objective-C, Batchfile, Shell, PowerShell, HTML, CSS, Rich Text Format, Perl"
23,6905493,zxing-android-embedded,https://github.com/journeyapps/zxing-android-embedded,"Barcode scanner library for Android, based on the ZXing decoder",2012-11-28T16:36:39Z,8315,4139,Java,1002,1.0,27,4139,https://api.github.com/repos/journeyapps/zxing-android-embedded/languages,https://api.github.com/repos/journeyapps/zxing-android-embedded/contributors,https://api.github.com/repos/journeyapps/zxing-android-embedded/issues/events{/number},https://api.github.com/repos/journeyapps/zxing-android-embedded/issues/comments{/number},https://api.github.com/repos/journeyapps/zxing-android-embedded/issues{/number},https://api.github.com/repos/journeyapps/zxing-android-embedded/releases{/id},https://api.github.com/repos/journeyapps/zxing-android-embedded/pulls{/number},'Java
24,103610640,GuiLite,https://github.com/idea4good/GuiLite,âœ”ï¸The smallest header-only GUI library(5 KLOC) for all platforms,2017-09-15T03:40:38Z,73831,4080,C++,437,1.0,0,4080,https://api.github.com/repos/idea4good/GuiLite/languages,https://api.github.com/repos/idea4good/GuiLite/contributors,https://api.github.com/repos/idea4good/GuiLite/issues/events{/number},https://api.github.com/repos/idea4good/GuiLite/issues/comments{/number},https://api.github.com/repos/idea4good/GuiLite/issues{/number},https://api.github.com/repos/idea4good/GuiLite/releases{/id},https://api.github.com/repos/idea4good/GuiLite/pulls{/number},"'C++, Shell, Batchfile, CMake, C"
25,5453989,mapdb,https://github.com/jankotek/mapdb,"MapDB provides concurrent Maps, Sets and Queues backed by disk storage or off-heap-memory. It is a fast and easy to use embedded Java database engine.",2012-08-17T15:28:54Z,10106,3942,Java,783,1.0,129,3942,https://api.github.com/repos/jankotek/mapdb/languages,https://api.github.com/repos/jankotek/mapdb/contributors,https://api.github.com/repos/jankotek/mapdb/issues/events{/number},https://api.github.com/repos/jankotek/mapdb/issues/comments{/number},https://api.github.com/repos/jankotek/mapdb/issues{/number},https://api.github.com/repos/jankotek/mapdb/releases{/id},https://api.github.com/repos/jankotek/mapdb/pulls{/number},"'Java, Kotlin"
26,19606299,platformio-core,https://github.com/platformio/platformio-core,PlatformIO is a new generation ecosystem for embedded development :alien: A place where Developers and Teams have true Freedom! No more hardware or software lock-ins!,2014-05-09T09:38:42Z,36606,3868,Python,497,1.0,104,3868,https://api.github.com/repos/platformio/platformio-core/languages,https://api.github.com/repos/platformio/platformio-core/contributors,https://api.github.com/repos/platformio/platformio-core/issues/events{/number},https://api.github.com/repos/platformio/platformio-core/issues/comments{/number},https://api.github.com/repos/platformio/platformio-core/issues{/number},https://api.github.com/repos/platformio/platformio-core/releases{/id},https://api.github.com/repos/platformio/platformio-core/pulls{/number},"'Python, Smarty, C++, Makefile, Processing"
27,2967938,JavaScript-Load-Image,https://github.com/blueimp/JavaScript-Load-Image,JavaScript Load Image is a library to load images provided as File or Blob objects or via URL. It returns an optionally scaled and/or cropped HTML img or canvas element. It also provides methods to parse image meta data to extract IPTC and Exif tags as well as embedded thumbnail images and to restore the complete image header after resizing.,2011-12-12T22:22:36Z,1141,3798,JavaScript,893,1.0,4,3798,https://api.github.com/repos/blueimp/JavaScript-Load-Image/languages,https://api.github.com/repos/blueimp/JavaScript-Load-Image/contributors,https://api.github.com/repos/blueimp/JavaScript-Load-Image/issues/events{/number},https://api.github.com/repos/blueimp/JavaScript-Load-Image/issues/comments{/number},https://api.github.com/repos/blueimp/JavaScript-Load-Image/issues{/number},https://api.github.com/repos/blueimp/JavaScript-Load-Image/releases{/id},https://api.github.com/repos/blueimp/JavaScript-Load-Image/pulls{/number},"'JavaScript, HTML, CSS"
28,145340771,go-flutter,https://github.com/go-flutter-desktop/go-flutter,"Flutter on Windows, MacOS and Linux - based on Flutter Embedding, Go and GLFW.",2018-08-19T22:04:27Z,1357,3717,Go,198,1.0,38,3717,https://api.github.com/repos/go-flutter-desktop/go-flutter/languages,https://api.github.com/repos/go-flutter-desktop/go-flutter/contributors,https://api.github.com/repos/go-flutter-desktop/go-flutter/issues/events{/number},https://api.github.com/repos/go-flutter-desktop/go-flutter/issues/comments{/number},https://api.github.com/repos/go-flutter-desktop/go-flutter/issues{/number},https://api.github.com/repos/go-flutter-desktop/go-flutter/releases{/id},https://api.github.com/repos/go-flutter-desktop/go-flutter/pulls{/number},"'Go, C++, C"
29,140680839,git-bug,https://github.com/MichaelMure/git-bug,"Distributed, offline-first bug tracker embedded in git, with bridges",2018-07-12T07:55:57Z,17678,3504,Go,116,1.0,75,3504,https://api.github.com/repos/MichaelMure/git-bug/languages,https://api.github.com/repos/MichaelMure/git-bug/contributors,https://api.github.com/repos/MichaelMure/git-bug/issues/events{/number},https://api.github.com/repos/MichaelMure/git-bug/issues/comments{/number},https://api.github.com/repos/MichaelMure/git-bug/issues{/number},https://api.github.com/repos/MichaelMure/git-bug/releases{/id},https://api.github.com/repos/MichaelMure/git-bug/pulls{/number},"'Go, TypeScript, Shell, Makefile, JavaScript, HTML"
30,114102,grbl,https://github.com/grbl/grbl,"An open source, embedded, high performance g-code-parser and CNC milling controller written in optimized C that will run on a straight Arduino",2009-01-24T23:47:13Z,2273,3502,C,2160,1.0,343,3502,https://api.github.com/repos/grbl/grbl/languages,https://api.github.com/repos/grbl/grbl/contributors,https://api.github.com/repos/grbl/grbl/issues/events{/number},https://api.github.com/repos/grbl/grbl/issues/comments{/number},https://api.github.com/repos/grbl/grbl/issues{/number},https://api.github.com/repos/grbl/grbl/releases{/id},https://api.github.com/repos/grbl/grbl/pulls{/number},"'C, C++, Makefile, Arduino"
31,7184072,hy,https://github.com/hylang/hy,A dialect of Lisp that's embedded in Python,2012-12-15T21:20:51Z,5445,3408,Python,323,1.0,169,3408,https://api.github.com/repos/hylang/hy/languages,https://api.github.com/repos/hylang/hy/contributors,https://api.github.com/repos/hylang/hy/issues/events{/number},https://api.github.com/repos/hylang/hy/issues/comments{/number},https://api.github.com/repos/hylang/hy/issues{/number},https://api.github.com/repos/hylang/hy/releases{/id},https://api.github.com/repos/hylang/hy/pulls{/number},"'Python, Hy, Batchfile, Makefile, Dockerfile"
32,60667730,lvgl,https://github.com/littlevgl/lvgl,"Powerful and easy-to-use embedded GUI with many widgets, advanced visual effects (opacity, antialiasing, animations) and low memory requirements (16K RAM, 64K Flash).",2016-06-08T04:14:34Z,19728,3259,C,730,1.0,10,3259,https://api.github.com/repos/littlevgl/lvgl/languages,https://api.github.com/repos/littlevgl/lvgl/contributors,https://api.github.com/repos/littlevgl/lvgl/issues/events{/number},https://api.github.com/repos/littlevgl/lvgl/issues/comments{/number},https://api.github.com/repos/littlevgl/lvgl/issues{/number},https://api.github.com/repos/littlevgl/lvgl/releases{/id},https://api.github.com/repos/littlevgl/lvgl/pulls{/number},"'C, C++, Python, Makefile, Shell"
33,95696288,StarSpace,https://github.com/facebookresearch/StarSpace,"Learning embeddings for classification, retrieval and ranking.",2017-06-28T17:50:18Z,3115,3237,C++,450,1.0,33,3237,https://api.github.com/repos/facebookresearch/StarSpace/languages,https://api.github.com/repos/facebookresearch/StarSpace/contributors,https://api.github.com/repos/facebookresearch/StarSpace/issues/events{/number},https://api.github.com/repos/facebookresearch/StarSpace/issues/comments{/number},https://api.github.com/repos/facebookresearch/StarSpace/issues{/number},https://api.github.com/repos/facebookresearch/StarSpace/releases{/id},https://api.github.com/repos/facebookresearch/StarSpace/pulls{/number},"'C++, CMake, Makefile, Python, Shell"
34,49401416,sled,https://github.com/spacejam/sled,the champagne of beta embedded databases,2016-01-11T04:11:30Z,7003,3187,Rust,138,1.0,52,3187,https://api.github.com/repos/spacejam/sled/languages,https://api.github.com/repos/spacejam/sled/contributors,https://api.github.com/repos/spacejam/sled/issues/events{/number},https://api.github.com/repos/spacejam/sled/issues/comments{/number},https://api.github.com/repos/spacejam/sled/issues{/number},https://api.github.com/repos/spacejam/sled/releases{/id},https://api.github.com/repos/spacejam/sled/pulls{/number},"'Rust, Python, Shell, JavaScript"
35,140943444,awesome-graph-classification,https://github.com/benedekrozemberczki/awesome-graph-classification,"A collection of important graph embedding, classification and representation learning papers with implementations.",2018-07-14T12:13:44Z,1797,3133,Python,524,1.0,0,3133,https://api.github.com/repos/benedekrozemberczki/awesome-graph-classification/languages,https://api.github.com/repos/benedekrozemberczki/awesome-graph-classification/contributors,https://api.github.com/repos/benedekrozemberczki/awesome-graph-classification/issues/events{/number},https://api.github.com/repos/benedekrozemberczki/awesome-graph-classification/issues/comments{/number},https://api.github.com/repos/benedekrozemberczki/awesome-graph-classification/issues{/number},https://api.github.com/repos/benedekrozemberczki/awesome-graph-classification/releases{/id},https://api.github.com/repos/benedekrozemberczki/awesome-graph-classification/pulls{/number},'Python
36,13836499,raylib,https://github.com/raysan5/raylib,A simple and easy-to-use library to enjoy videogames programming,2013-10-24T15:46:04Z,336298,3120,C,372,1.0,13,3120,https://api.github.com/repos/raysan5/raylib/languages,https://api.github.com/repos/raysan5/raylib/contributors,https://api.github.com/repos/raysan5/raylib/issues/events{/number},https://api.github.com/repos/raysan5/raylib/issues/comments{/number},https://api.github.com/repos/raysan5/raylib/issues{/number},https://api.github.com/repos/raysan5/raylib/releases{/id},https://api.github.com/repos/raysan5/raylib/pulls{/number},"'C, Makefile, C++, Objective-C, CMake, Shell, HTML, Batchfile, GLSL, Meson, Roff"
37,98848904,tf-pose-estimation,https://github.com/ildoonet/tf-pose-estimation,Deep Pose Estimation implemented using Tensorflow with Custom Architectures for fast inference.,2017-07-31T04:44:47Z,96387,3077,Python,1281,1.0,292,3077,https://api.github.com/repos/ildoonet/tf-pose-estimation/languages,https://api.github.com/repos/ildoonet/tf-pose-estimation/contributors,https://api.github.com/repos/ildoonet/tf-pose-estimation/issues/events{/number},https://api.github.com/repos/ildoonet/tf-pose-estimation/issues/comments{/number},https://api.github.com/repos/ildoonet/tf-pose-estimation/issues{/number},https://api.github.com/repos/ildoonet/tf-pose-estimation/releases{/id},https://api.github.com/repos/ildoonet/tf-pose-estimation/pulls{/number},"'Python, C++, C, CMake, Dockerfile"
38,59771425,zephyr,https://github.com/zephyrproject-rtos/zephyr,"Primary Git Repository for the Zephyr Project. Zephyr is a new generation, scalable, optimized, secure RTOS for multiple hardware architectures.",2016-05-26T17:54:19Z,323899,3066,C,1861,1.0,1395,3066,https://api.github.com/repos/zephyrproject-rtos/zephyr/languages,https://api.github.com/repos/zephyrproject-rtos/zephyr/contributors,https://api.github.com/repos/zephyrproject-rtos/zephyr/issues/events{/number},https://api.github.com/repos/zephyrproject-rtos/zephyr/issues/comments{/number},https://api.github.com/repos/zephyrproject-rtos/zephyr/issues{/number},https://api.github.com/repos/zephyrproject-rtos/zephyr/releases{/id},https://api.github.com/repos/zephyrproject-rtos/zephyr/pulls{/number},"'C, Python, CMake, C++, Assembly, Perl, Shell, Objective-C, SmPL, Verilog, Tcl, HTML, Makefile, EmberScript, VBA, Haskell, Batchfile"
39,64561753,jetson-inference,https://github.com/dusty-nv/jetson-inference,Guide to deploying deep-learning inference networks and deep vision primitives with TensorRT and NVIDIA Jetson.,2016-07-30T19:56:47Z,95282,2890,C++,1246,1.0,315,2890,https://api.github.com/repos/dusty-nv/jetson-inference/languages,https://api.github.com/repos/dusty-nv/jetson-inference/contributors,https://api.github.com/repos/dusty-nv/jetson-inference/issues/events{/number},https://api.github.com/repos/dusty-nv/jetson-inference/issues/comments{/number},https://api.github.com/repos/dusty-nv/jetson-inference/issues{/number},https://api.github.com/repos/dusty-nv/jetson-inference/releases{/id},https://api.github.com/repos/dusty-nv/jetson-inference/pulls{/number},"'C++, Shell, Python, Cuda, CMake, C"
40,2045207,jetty.project,https://github.com/eclipse/jetty.project,"Eclipse JettyÂ® - Web Container & Clients - supports HTTP/2, HTTP/1.1, HTTP/1.0, websocket, servlets, and more",2011-07-14T01:11:57Z,149800,2823,Java,1533,1.0,323,2823,https://api.github.com/repos/eclipse/jetty.project/languages,https://api.github.com/repos/eclipse/jetty.project/contributors,https://api.github.com/repos/eclipse/jetty.project/issues/events{/number},https://api.github.com/repos/eclipse/jetty.project/issues/comments{/number},https://api.github.com/repos/eclipse/jetty.project/issues{/number},https://api.github.com/repos/eclipse/jetty.project/releases{/id},https://api.github.com/repos/eclipse/jetty.project/pulls{/number},"'Java, JavaScript, AMPL, HTML, Shell, Groovy, CSS, XSLT"
41,4676086,email-templates,https://github.com/forwardemail/email-templates,":mailbox: Create, preview, and send custom email templates for Node.js. Highly configurable and supports automatic inline CSS, stylesheets, embedded images and fonts, and much more!",2012-06-15T14:23:32Z,1582,2737,JavaScript,297,1.0,1,2737,https://api.github.com/repos/forwardemail/email-templates/languages,https://api.github.com/repos/forwardemail/email-templates/contributors,https://api.github.com/repos/forwardemail/email-templates/issues/events{/number},https://api.github.com/repos/forwardemail/email-templates/issues/comments{/number},https://api.github.com/repos/forwardemail/email-templates/issues{/number},https://api.github.com/repos/forwardemail/email-templates/releases{/id},https://api.github.com/repos/forwardemail/email-templates/pulls{/number},"'JavaScript, HTML"
42,85126896,packr,https://github.com/gobuffalo/packr,The simple and easy way to embed static files into Go binaries.,2017-03-15T22:24:53Z,683,2704,Go,136,1.0,48,2704,https://api.github.com/repos/gobuffalo/packr/languages,https://api.github.com/repos/gobuffalo/packr/contributors,https://api.github.com/repos/gobuffalo/packr/issues/events{/number},https://api.github.com/repos/gobuffalo/packr/issues/comments{/number},https://api.github.com/repos/gobuffalo/packr/issues{/number},https://api.github.com/repos/gobuffalo/packr/releases{/id},https://api.github.com/repos/gobuffalo/packr/pulls{/number},"'Go, Makefile, HTML, CSS, JavaScript"
43,63731386,buntdb,https://github.com/tidwall/buntdb,"BuntDB is an embeddable, in-memory key/value database for Go with custom indexing and geospatial support",2016-07-19T22:11:40Z,341,2697,Go,189,1.0,1,2697,https://api.github.com/repos/tidwall/buntdb/languages,https://api.github.com/repos/tidwall/buntdb/contributors,https://api.github.com/repos/tidwall/buntdb/issues/events{/number},https://api.github.com/repos/tidwall/buntdb/issues/comments{/number},https://api.github.com/repos/tidwall/buntdb/issues{/number},https://api.github.com/repos/tidwall/buntdb/releases{/id},https://api.github.com/repos/tidwall/buntdb/pulls{/number},'Go
44,1735128,mercury,https://github.com/jejacks0n/mercury,Mercury Editor: The Rails WYSIWYG editor that allows embedding full page editing capabilities directly inline.,2011-05-11T20:15:37Z,9672,2620,JavaScript,563,1.0,71,2620,https://api.github.com/repos/jejacks0n/mercury/languages,https://api.github.com/repos/jejacks0n/mercury/contributors,https://api.github.com/repos/jejacks0n/mercury/issues/events{/number},https://api.github.com/repos/jejacks0n/mercury/issues/comments{/number},https://api.github.com/repos/jejacks0n/mercury/issues{/number},https://api.github.com/repos/jejacks0n/mercury/releases{/id},https://api.github.com/repos/jejacks0n/mercury/pulls{/number},"'JavaScript, CoffeeScript, CSS, HTML, Ruby, Gherkin"
45,32791821,blynk-library,https://github.com/blynkkk/blynk-library,"Blynk library for embedded hardware. Works with Arduino, ESP8266, Raspberry Pi, Intel Edison/Galileo, LinkIt ONE, Particle Core/Photon, Energia, ARM mbed, etc.",2015-03-24T10:31:07Z,9439,2592,C++,749,1.0,15,2592,https://api.github.com/repos/blynkkk/blynk-library/languages,https://api.github.com/repos/blynkkk/blynk-library/contributors,https://api.github.com/repos/blynkkk/blynk-library/issues/events{/number},https://api.github.com/repos/blynkkk/blynk-library/issues/comments{/number},https://api.github.com/repos/blynkkk/blynk-library/issues{/number},https://api.github.com/repos/blynkkk/blynk-library/releases{/id},https://api.github.com/repos/blynkkk/blynk-library/pulls{/number},"'C++, Python, C, Java, Shell, Makefile, Batchfile"
46,16514887,statik,https://github.com/rakyll/statik,Embed files into a Go executable,2014-02-04T14:54:51Z,315,2574,Go,165,1.0,28,2574,https://api.github.com/repos/rakyll/statik/languages,https://api.github.com/repos/rakyll/statik/contributors,https://api.github.com/repos/rakyll/statik/issues/events{/number},https://api.github.com/repos/rakyll/statik/issues/comments{/number},https://api.github.com/repos/rakyll/statik/issues{/number},https://api.github.com/repos/rakyll/statik/releases{/id},https://api.github.com/repos/rakyll/statik/pulls{/number},'Go
47,55985023,hyperkit,https://github.com/moby/hyperkit,A toolkit for embedding hypervisor capabilities in your application,2016-04-11T15:36:20Z,13006,2455,C,243,1.0,34,2455,https://api.github.com/repos/moby/hyperkit/languages,https://api.github.com/repos/moby/hyperkit/contributors,https://api.github.com/repos/moby/hyperkit/issues/events{/number},https://api.github.com/repos/moby/hyperkit/issues/comments{/number},https://api.github.com/repos/moby/hyperkit/issues{/number},https://api.github.com/repos/moby/hyperkit/releases{/id},https://api.github.com/repos/moby/hyperkit/pulls{/number},"'C, Go, OCaml, C++, Roff, Makefile, DTrace, Shell"
48,11110385,cvxpy,https://github.com/cvxgrp/cvxpy,A Python-embedded modeling language for convex optimization problems.,2013-07-01T23:48:58Z,171156,2417,C++,584,1.0,54,2417,https://api.github.com/repos/cvxgrp/cvxpy/languages,https://api.github.com/repos/cvxgrp/cvxpy/contributors,https://api.github.com/repos/cvxgrp/cvxpy/issues/events{/number},https://api.github.com/repos/cvxgrp/cvxpy/issues/comments{/number},https://api.github.com/repos/cvxgrp/cvxpy/issues{/number},https://api.github.com/repos/cvxgrp/cvxpy/releases{/id},https://api.github.com/repos/cvxgrp/cvxpy/pulls{/number},"'C++, Python, C, CMake, Makefile, Shell, PowerShell, SWIG"
49,108021672,MUSE,https://github.com/facebookresearch/MUSE,A library for Multilingual Unsupervised or Supervised word Embeddings,2017-10-23T18:20:39Z,210,2368,Python,409,1.0,48,2368,https://api.github.com/repos/facebookresearch/MUSE/languages,https://api.github.com/repos/facebookresearch/MUSE/contributors,https://api.github.com/repos/facebookresearch/MUSE/issues/events{/number},https://api.github.com/repos/facebookresearch/MUSE/issues/comments{/number},https://api.github.com/repos/facebookresearch/MUSE/issues{/number},https://api.github.com/repos/facebookresearch/MUSE/releases{/id},https://api.github.com/repos/facebookresearch/MUSE/pulls{/number},"'Python, Jupyter Notebook, Shell"
50,219359883,lite-youtube-embed,https://github.com/paulirish/lite-youtube-embed,A faster youtube embed.,2019-11-03T20:18:07Z,33,2339,JavaScript,79,1.0,21,2339,https://api.github.com/repos/paulirish/lite-youtube-embed/languages,https://api.github.com/repos/paulirish/lite-youtube-embed/contributors,https://api.github.com/repos/paulirish/lite-youtube-embed/issues/events{/number},https://api.github.com/repos/paulirish/lite-youtube-embed/issues/comments{/number},https://api.github.com/repos/paulirish/lite-youtube-embed/issues{/number},https://api.github.com/repos/paulirish/lite-youtube-embed/releases{/id},https://api.github.com/repos/paulirish/lite-youtube-embed/pulls{/number},"'JavaScript, HTML, CSS"
51,44744780,booking-js,https://github.com/timekit-io/booking-js,:date: Make a beautiful embeddable booking widget in minutes,2015-10-22T12:50:58Z,9961,2314,JavaScript,180,1.0,38,2314,https://api.github.com/repos/timekit-io/booking-js/languages,https://api.github.com/repos/timekit-io/booking-js/contributors,https://api.github.com/repos/timekit-io/booking-js/issues/events{/number},https://api.github.com/repos/timekit-io/booking-js/issues/comments{/number},https://api.github.com/repos/timekit-io/booking-js/issues{/number},https://api.github.com/repos/timekit-io/booking-js/releases{/id},https://api.github.com/repos/timekit-io/booking-js/pulls{/number},"'JavaScript, CSS, HTML"
52,91412787,NRLPapers,https://github.com/thunlp/NRLPapers,Must-read papers on network representation learning (NRL) / network embedding (NE),2017-05-16T04:07:00Z,81,2218,TeX,640,1.0,10,2218,https://api.github.com/repos/thunlp/NRLPapers/languages,https://api.github.com/repos/thunlp/NRLPapers/contributors,https://api.github.com/repos/thunlp/NRLPapers/issues/events{/number},https://api.github.com/repos/thunlp/NRLPapers/issues/comments{/number},https://api.github.com/repos/thunlp/NRLPapers/issues{/number},https://api.github.com/repos/thunlp/NRLPapers/releases{/id},https://api.github.com/repos/thunlp/NRLPapers/pulls{/number},'TeX
53,33745913,h2database,https://github.com/h2database/h2database,H2 is an embeddable RDBMS written in Java.,2015-04-10T19:09:09Z,75984,2207,Java,717,1.0,242,2207,https://api.github.com/repos/h2database/h2database/languages,https://api.github.com/repos/h2database/h2database/contributors,https://api.github.com/repos/h2database/h2database/issues/events{/number},https://api.github.com/repos/h2database/h2database/issues/comments{/number},https://api.github.com/repos/h2database/h2database/issues{/number},https://api.github.com/repos/h2database/h2database/releases{/id},https://api.github.com/repos/h2database/h2database/pulls{/number},"'Java, HTML, TSQL, PLpgSQL, SQLPL, PLSQL, JavaScript, CSS, NSIS, Batchfile, Shell"
54,9066347,cleanflight,https://github.com/cleanflight/cleanflight,Clean-code version of the baseflight flight controller firmware,2013-03-27T23:49:19Z,223369,2198,C,1357,1.0,23,2198,https://api.github.com/repos/cleanflight/cleanflight/languages,https://api.github.com/repos/cleanflight/cleanflight/contributors,https://api.github.com/repos/cleanflight/cleanflight/issues/events{/number},https://api.github.com/repos/cleanflight/cleanflight/issues/comments{/number},https://api.github.com/repos/cleanflight/cleanflight/issues{/number},https://api.github.com/repos/cleanflight/cleanflight/releases{/id},https://api.github.com/repos/cleanflight/cleanflight/pulls{/number},"'C, C++, Assembly, HTML, Makefile, Objective-C, Perl, Shell, PHP, Batchfile"
55,55808787,openthread,https://github.com/openthread/openthread,OpenThread released by Google is an open-source implementation of the Thread networking protocol,2016-04-08T20:47:41Z,64275,2120,C++,685,1.0,84,2120,https://api.github.com/repos/openthread/openthread/languages,https://api.github.com/repos/openthread/openthread/contributors,https://api.github.com/repos/openthread/openthread/issues/events{/number},https://api.github.com/repos/openthread/openthread/issues/comments{/number},https://api.github.com/repos/openthread/openthread/issues{/number},https://api.github.com/repos/openthread/openthread/releases{/id},https://api.github.com/repos/openthread/openthread/pulls{/number},"'C++, Python, C, Makefile, Shell, CMake, M4, Dockerfile, Batchfile"
56,151156413,PyTorch-BigGraph,https://github.com/facebookresearch/PyTorch-BigGraph,Generate embeddings from large-scale graph-structured data.,2018-10-01T20:41:16Z,612,2102,Python,284,1.0,21,2102,https://api.github.com/repos/facebookresearch/PyTorch-BigGraph/languages,https://api.github.com/repos/facebookresearch/PyTorch-BigGraph/contributors,https://api.github.com/repos/facebookresearch/PyTorch-BigGraph/issues/events{/number},https://api.github.com/repos/facebookresearch/PyTorch-BigGraph/issues/comments{/number},https://api.github.com/repos/facebookresearch/PyTorch-BigGraph/issues{/number},https://api.github.com/repos/facebookresearch/PyTorch-BigGraph/releases{/id},https://api.github.com/repos/facebookresearch/PyTorch-BigGraph/pulls{/number},'Python
57,69389961,ELL,https://github.com/microsoft/ELL,Embedded Learning Library,2016-09-27T19:12:29Z,33138,2081,C++,289,1.0,35,2081,https://api.github.com/repos/microsoft/ELL/languages,https://api.github.com/repos/microsoft/ELL/contributors,https://api.github.com/repos/microsoft/ELL/issues/events{/number},https://api.github.com/repos/microsoft/ELL/issues/comments{/number},https://api.github.com/repos/microsoft/ELL/issues{/number},https://api.github.com/repos/microsoft/ELL/releases{/id},https://api.github.com/repos/microsoft/ELL/pulls{/number},"'C++, Python, PHP, CMake, Assembly, C, Shell, XSLT, Batchfile, JavaScript, LLVM, Dockerfile, Ruby"
58,4237727,huge,https://github.com/panique/huge,"Simple user-authentication solution, embedded into a small framework.",2012-05-06T01:04:43Z,6795,2071,PHP,826,1.0,39,2071,https://api.github.com/repos/panique/huge/languages,https://api.github.com/repos/panique/huge/contributors,https://api.github.com/repos/panique/huge/issues/events{/number},https://api.github.com/repos/panique/huge/issues/comments{/number},https://api.github.com/repos/panique/huge/issues{/number},https://api.github.com/repos/panique/huge/releases{/id},https://api.github.com/repos/panique/huge/pulls{/number},"'PHP, Shell, Ruby, Hack"
59,18307175,jwplayer,https://github.com/jwplayer/jwplayer,JW Player is the world's most popular embeddable media player.,2014-03-31T20:34:20Z,89066,2057,JavaScript,859,1.0,13,2057,https://api.github.com/repos/jwplayer/jwplayer/languages,https://api.github.com/repos/jwplayer/jwplayer/contributors,https://api.github.com/repos/jwplayer/jwplayer/issues/events{/number},https://api.github.com/repos/jwplayer/jwplayer/issues/comments{/number},https://api.github.com/repos/jwplayer/jwplayer/issues{/number},https://api.github.com/repos/jwplayer/jwplayer/releases{/id},https://api.github.com/repos/jwplayer/jwplayer/pulls{/number},"'JavaScript, TypeScript, CSS, HTML, Shell"
60,74880098,awesome-network-embedding,https://github.com/chihming/awesome-network-embedding,A curated list of network embedding techniques.,2016-11-27T10:08:11Z,867,2039,,443,1.0,3,2039,https://api.github.com/repos/chihming/awesome-network-embedding/languages,https://api.github.com/repos/chihming/awesome-network-embedding/contributors,https://api.github.com/repos/chihming/awesome-network-embedding/issues/events{/number},https://api.github.com/repos/chihming/awesome-network-embedding/issues/comments{/number},https://api.github.com/repos/chihming/awesome-network-embedding/issues{/number},https://api.github.com/repos/chihming/awesome-network-embedding/releases{/id},https://api.github.com/repos/chihming/awesome-network-embedding/pulls{/number},
61,5939005,terra,https://github.com/terralang/terra,Terra is a low-level system programming language that is embedded in and meta-programmed by the Lua programming language.,2012-09-24T18:38:51Z,6953,2021,C++,159,1.0,95,2021,https://api.github.com/repos/terralang/terra/languages,https://api.github.com/repos/terralang/terra/contributors,https://api.github.com/repos/terralang/terra/issues/events{/number},https://api.github.com/repos/terralang/terra/issues/comments{/number},https://api.github.com/repos/terralang/terra/issues{/number},https://api.github.com/repos/terralang/terra/releases{/id},https://api.github.com/repos/terralang/terra/pulls{/number},"'C++, Terra, Lua, C, Perl, CMake, Makefile, Shell, Raku, Batchfile"
62,46494844,klipse,https://github.com/viebel/klipse,"Klipse is a Javacript plugin for embedding interactive code snippets in tech blogs. A simple client-side code evaluator pluggable on any web page: clojure, ruby, javascript, python, scheme, es2017, jsx, brainfuck, c++, reagent, lua, ocaml, reasonml, prolog, common lisp",2015-11-19T13:45:39Z,80899,2016,Clojure,96,1.0,83,2016,https://api.github.com/repos/viebel/klipse/languages,https://api.github.com/repos/viebel/klipse/contributors,https://api.github.com/repos/viebel/klipse/issues/events{/number},https://api.github.com/repos/viebel/klipse/issues/comments{/number},https://api.github.com/repos/viebel/klipse/issues{/number},https://api.github.com/repos/viebel/klipse/releases{/id},https://api.github.com/repos/viebel/klipse/pulls{/number},"'Clojure, JavaScript, PHP"
63,36428094,tock,https://github.com/tock/tock,A secure embedded operating system for microcontrollers,2015-05-28T09:26:47Z,143748,1994,Rust,259,1.0,106,1994,https://api.github.com/repos/tock/tock/languages,https://api.github.com/repos/tock/tock/contributors,https://api.github.com/repos/tock/tock/issues/events{/number},https://api.github.com/repos/tock/tock/issues/comments{/number},https://api.github.com/repos/tock/tock/issues{/number},https://api.github.com/repos/tock/tock/releases{/id},https://api.github.com/repos/tock/tock/pulls{/number},"'Rust, Python, Makefile, Shell, C, Nix, Ruby, GDB"
64,68751856,grbl,https://github.com/gnea/grbl,"An open source, embedded, high performance g-code-parser and CNC milling controller written in optimized C that will run on a straight Arduino",2016-09-20T20:45:07Z,2247,1983,C,829,1.0,189,1983,https://api.github.com/repos/gnea/grbl/languages,https://api.github.com/repos/gnea/grbl/contributors,https://api.github.com/repos/gnea/grbl/issues/events{/number},https://api.github.com/repos/gnea/grbl/issues/comments{/number},https://api.github.com/repos/gnea/grbl/issues{/number},https://api.github.com/repos/gnea/grbl/releases{/id},https://api.github.com/repos/gnea/grbl/pulls{/number},"'C, C++, Makefile"
65,40078838,gluon,https://github.com/gluon-lang/gluon,"A static, type inferred and embeddable language written in Rust.",2015-08-02T12:35:56Z,11565,1973,Rust,108,1.0,133,1973,https://api.github.com/repos/gluon-lang/gluon/languages,https://api.github.com/repos/gluon-lang/gluon/contributors,https://api.github.com/repos/gluon-lang/gluon/issues/events{/number},https://api.github.com/repos/gluon-lang/gluon/issues/comments{/number},https://api.github.com/repos/gluon-lang/gluon/issues{/number},https://api.github.com/repos/gluon-lang/gluon/releases{/id},https://api.github.com/repos/gluon-lang/gluon/pulls{/number},"'Rust, Shell"
66,1226823,ChaiScript,https://github.com/ChaiScript/ChaiScript,Embedded Scripting Language Designed for C++,2011-01-06T16:34:49Z,5903,1957,C++,259,1.0,94,1957,https://api.github.com/repos/ChaiScript/ChaiScript/languages,https://api.github.com/repos/ChaiScript/ChaiScript/contributors,https://api.github.com/repos/ChaiScript/ChaiScript/issues/events{/number},https://api.github.com/repos/ChaiScript/ChaiScript/issues/comments{/number},https://api.github.com/repos/ChaiScript/ChaiScript/issues{/number},https://api.github.com/repos/ChaiScript/ChaiScript/releases{/id},https://api.github.com/repos/ChaiScript/ChaiScript/pulls{/number},"'C++, CMake, Shell, PHP, Ruby, Starlark"
67,40359871,gear-lib,https://github.com/gozfree/gear-lib,"Gear-Lib, C library for IOT Embedded Multimedia and Network",2015-08-07T12:41:05Z,2520,1946,C,560,1.0,2,1946,https://api.github.com/repos/gozfree/gear-lib/languages,https://api.github.com/repos/gozfree/gear-lib/contributors,https://api.github.com/repos/gozfree/gear-lib/issues/events{/number},https://api.github.com/repos/gozfree/gear-lib/issues/comments{/number},https://api.github.com/repos/gozfree/gear-lib/issues{/number},https://api.github.com/repos/gozfree/gear-lib/releases{/id},https://api.github.com/repos/gozfree/gear-lib/pulls{/number},"'C, Makefile, C++, Objective-C, Shell, Python, Assembly, CMake, Lua, PHP, NASL"
68,3058456,lk,https://github.com/littlekernel/lk,LK embedded kernel,2011-12-27T19:19:36Z,21158,1931,C,414,1.0,47,1931,https://api.github.com/repos/littlekernel/lk/languages,https://api.github.com/repos/littlekernel/lk/contributors,https://api.github.com/repos/littlekernel/lk/issues/events{/number},https://api.github.com/repos/littlekernel/lk/issues/comments{/number},https://api.github.com/repos/littlekernel/lk/issues{/number},https://api.github.com/repos/littlekernel/lk/releases{/id},https://api.github.com/repos/littlekernel/lk/pulls{/number},"'C, C++, Assembly, Makefile, Shell, Python, Objective-C, Tcl"
69,212152900,wasm3,https://github.com/wasm3/wasm3,ğŸš€ The fastest WebAssembly interpreter,2019-10-01T17:06:03Z,4081,1930,C,69,1.0,19,1930,https://api.github.com/repos/wasm3/wasm3/languages,https://api.github.com/repos/wasm3/wasm3/contributors,https://api.github.com/repos/wasm3/wasm3/issues/events{/number},https://api.github.com/repos/wasm3/wasm3/issues/comments{/number},https://api.github.com/repos/wasm3/wasm3/issues{/number},https://api.github.com/repos/wasm3/wasm3/releases{/id},https://api.github.com/repos/wasm3/wasm3/pulls{/number},"'C, Objective-C, C++, HTML, Python, CMake, Makefile, Shell, Swift, Java, Assembly, WebAssembly, Lua, JavaScript"
70,91736182,InferSent,https://github.com/facebookresearch/InferSent,InferSent sentence embeddings,2017-05-18T20:45:29Z,468,1892,Jupyter Notebook,405,1.0,19,1892,https://api.github.com/repos/facebookresearch/InferSent/languages,https://api.github.com/repos/facebookresearch/InferSent/contributors,https://api.github.com/repos/facebookresearch/InferSent/issues/events{/number},https://api.github.com/repos/facebookresearch/InferSent/issues/comments{/number},https://api.github.com/repos/facebookresearch/InferSent/issues{/number},https://api.github.com/repos/facebookresearch/InferSent/releases{/id},https://api.github.com/repos/facebookresearch/InferSent/pulls{/number},"'Jupyter Notebook, Python"
71,41542522,cefpython,https://github.com/cztomczak/cefpython,Python bindings for the Chromium Embedded Framework (CEF),2015-08-28T10:52:36Z,6239,1889,C++,314,1.0,157,1889,https://api.github.com/repos/cztomczak/cefpython/languages,https://api.github.com/repos/cztomczak/cefpython/contributors,https://api.github.com/repos/cztomczak/cefpython/issues/events{/number},https://api.github.com/repos/cztomczak/cefpython/issues/comments{/number},https://api.github.com/repos/cztomczak/cefpython/issues{/number},https://api.github.com/repos/cztomczak/cefpython/releases{/id},https://api.github.com/repos/cztomczak/cefpython/pulls{/number},"'C++, Python, JavaScript, C, Objective-C, Objective-C++, CSS, HTML, Makefile, Shell"
72,92329433,dqlite,https://github.com/canonical/dqlite,"Embeddable, replicated and fault tolerant SQL engine.",2017-05-24T19:35:52Z,1703,1833,C,78,1.0,18,1833,https://api.github.com/repos/canonical/dqlite/languages,https://api.github.com/repos/canonical/dqlite/contributors,https://api.github.com/repos/canonical/dqlite/issues/events{/number},https://api.github.com/repos/canonical/dqlite/issues/comments{/number},https://api.github.com/repos/canonical/dqlite/issues{/number},https://api.github.com/repos/canonical/dqlite/releases{/id},https://api.github.com/repos/canonical/dqlite/pulls{/number},"'C, M4, C++, Makefile, Objective-C, Emacs Lisp"
73,922017,eco,https://github.com/sstephenson/eco,Embedded CoffeeScript templates,2010-09-19T05:01:25Z,339,1753,CoffeeScript,69,1.0,33,1753,https://api.github.com/repos/sstephenson/eco/languages,https://api.github.com/repos/sstephenson/eco/contributors,https://api.github.com/repos/sstephenson/eco/issues/events{/number},https://api.github.com/repos/sstephenson/eco/issues/comments{/number},https://api.github.com/repos/sstephenson/eco/issues{/number},https://api.github.com/repos/sstephenson/eco/releases{/id},https://api.github.com/repos/sstephenson/eco/pulls{/number},"'CoffeeScript, JavaScript, Ruby"
74,34807561,nanopb,https://github.com/nanopb/nanopb,Protocol Buffers with small code size,2015-04-29T17:21:37Z,2831,1741,C,413,1.0,29,1741,https://api.github.com/repos/nanopb/nanopb/languages,https://api.github.com/repos/nanopb/nanopb/contributors,https://api.github.com/repos/nanopb/nanopb/issues/events{/number},https://api.github.com/repos/nanopb/nanopb/issues/comments{/number},https://api.github.com/repos/nanopb/nanopb/issues{/number},https://api.github.com/repos/nanopb/nanopb/releases{/id},https://api.github.com/repos/nanopb/nanopb/pulls{/number},"'C, Python, C++, CMake, Shell, Makefile, Dockerfile, Batchfile, Starlark"
75,83160811,littlefs,https://github.com/ARMmbed/littlefs,A little fail-safe filesystem designed for microcontrollers,2017-02-25T20:33:13Z,1683,1720,C,277,1.0,195,1720,https://api.github.com/repos/ARMmbed/littlefs/languages,https://api.github.com/repos/ARMmbed/littlefs/contributors,https://api.github.com/repos/ARMmbed/littlefs/issues/events{/number},https://api.github.com/repos/ARMmbed/littlefs/issues/comments{/number},https://api.github.com/repos/ARMmbed/littlefs/issues{/number},https://api.github.com/repos/ARMmbed/littlefs/releases{/id},https://api.github.com/repos/ARMmbed/littlefs/pulls{/number},"'C, Shell, Python, Makefile"
76,106170611,OpenKE,https://github.com/thunlp/OpenKE,An Open-Source Package for Knowledge Embedding (KE),2017-10-08T11:20:23Z,294625,1699,Python,553,1.0,16,1699,https://api.github.com/repos/thunlp/OpenKE/languages,https://api.github.com/repos/thunlp/OpenKE/contributors,https://api.github.com/repos/thunlp/OpenKE/issues/events{/number},https://api.github.com/repos/thunlp/OpenKE/issues/comments{/number},https://api.github.com/repos/thunlp/OpenKE/issues{/number},https://api.github.com/repos/thunlp/OpenKE/releases{/id},https://api.github.com/repos/thunlp/OpenKE/pulls{/number},"'Python, C, C++, Shell"
77,44316518,go-sciter,https://github.com/sciter-sdk/go-sciter,Golang bindings of Sciter: the Embeddable HTML/CSS/script engine for modern UI development,2015-10-15T12:41:06Z,273,1659,Go,193,1.0,52,1659,https://api.github.com/repos/sciter-sdk/go-sciter/languages,https://api.github.com/repos/sciter-sdk/go-sciter/contributors,https://api.github.com/repos/sciter-sdk/go-sciter/issues/events{/number},https://api.github.com/repos/sciter-sdk/go-sciter/issues/comments{/number},https://api.github.com/repos/sciter-sdk/go-sciter/issues{/number},https://api.github.com/repos/sciter-sdk/go-sciter/releases{/id},https://api.github.com/repos/sciter-sdk/go-sciter/pulls{/number},"'Go, C++, C"
78,44144887,vrview,https://github.com/googlearchive/vrview,Library for embedding immersive media into traditional websites.,2015-10-13T01:45:58Z,109365,1657,JavaScript,1104,1.0,105,1657,https://api.github.com/repos/googlearchive/vrview/languages,https://api.github.com/repos/googlearchive/vrview/contributors,https://api.github.com/repos/googlearchive/vrview/issues/events{/number},https://api.github.com/repos/googlearchive/vrview/issues/comments{/number},https://api.github.com/repos/googlearchive/vrview/issues{/number},https://api.github.com/repos/googlearchive/vrview/releases{/id},https://api.github.com/repos/googlearchive/vrview/pulls{/number},"'JavaScript, HTML, CSS, Shell"
79,178764877,InAppViewDebugger,https://github.com/indragiek/InAppViewDebugger,A UIView debugger (like Reveal or Xcode) that can be embedded in an app for on-device view debugging,2019-04-01T01:38:25Z,16077,1639,Swift,88,1.0,2,1639,https://api.github.com/repos/indragiek/InAppViewDebugger/languages,https://api.github.com/repos/indragiek/InAppViewDebugger/contributors,https://api.github.com/repos/indragiek/InAppViewDebugger/issues/events{/number},https://api.github.com/repos/indragiek/InAppViewDebugger/issues/comments{/number},https://api.github.com/repos/indragiek/InAppViewDebugger/issues{/number},https://api.github.com/repos/indragiek/InAppViewDebugger/releases{/id},https://api.github.com/repos/indragiek/InAppViewDebugger/pulls{/number},"'Swift, Objective-C, Ruby, Python"
80,324134,therubyracer,https://github.com/rubyjs/therubyracer,Embed the V8 Javascript Interpreter into Ruby,2009-10-02T02:18:03Z,16897,1636,C++,182,1.0,75,1636,https://api.github.com/repos/rubyjs/therubyracer/languages,https://api.github.com/repos/rubyjs/therubyracer/contributors,https://api.github.com/repos/rubyjs/therubyracer/issues/events{/number},https://api.github.com/repos/rubyjs/therubyracer/issues/comments{/number},https://api.github.com/repos/rubyjs/therubyracer/issues{/number},https://api.github.com/repos/rubyjs/therubyracer/releases{/id},https://api.github.com/repos/rubyjs/therubyracer/pulls{/number},"'C++, Ruby"
81,228682115,OpenSK,https://github.com/google/OpenSK,OpenSK is an open-source implementation for security keys written in Rust that supports both FIDO U2F and FIDO2 standards.,2019-12-17T18:55:43Z,1622,1595,Rust,110,1.0,22,1595,https://api.github.com/repos/google/OpenSK/languages,https://api.github.com/repos/google/OpenSK/contributors,https://api.github.com/repos/google/OpenSK/issues/events{/number},https://api.github.com/repos/google/OpenSK/issues/comments{/number},https://api.github.com/repos/google/OpenSK/issues{/number},https://api.github.com/repos/google/OpenSK/releases{/id},https://api.github.com/repos/google/OpenSK/pulls{/number},"'Rust, Python, Shell, Makefile"
82,1515187,PDFObject,https://github.com/pipwerks/PDFObject,A lightweight JavaScript utility for dynamically embedding PDFs in HTML documents.,2011-03-23T06:40:14Z,3179,1536,JavaScript,763,1.0,13,1536,https://api.github.com/repos/pipwerks/PDFObject/languages,https://api.github.com/repos/pipwerks/PDFObject/contributors,https://api.github.com/repos/pipwerks/PDFObject/issues/events{/number},https://api.github.com/repos/pipwerks/PDFObject/issues/comments{/number},https://api.github.com/repos/pipwerks/PDFObject/issues{/number},https://api.github.com/repos/pipwerks/PDFObject/releases{/id},https://api.github.com/repos/pipwerks/PDFObject/pulls{/number},'JavaScript
83,8025860,Costura,https://github.com/Fody/Costura,Embed references as resources,2013-02-05T09:13:58Z,8604,1524,C#,201,1.0,0,1524,https://api.github.com/repos/Fody/Costura/languages,https://api.github.com/repos/Fody/Costura/contributors,https://api.github.com/repos/Fody/Costura/issues/events{/number},https://api.github.com/repos/Fody/Costura/issues/comments{/number},https://api.github.com/repos/Fody/Costura/issues{/number},https://api.github.com/repos/Fody/Costura/releases{/id},https://api.github.com/repos/Fody/Costura/pulls{/number},"'C#, CoffeeScript, PowerShell, C++"
84,65116537,UnrealEnginePython,https://github.com/20tab/UnrealEnginePython,Embed Python in Unreal Engine 4,2016-08-07T05:00:51Z,99702,1524,C++,427,1.0,338,1524,https://api.github.com/repos/20tab/UnrealEnginePython/languages,https://api.github.com/repos/20tab/UnrealEnginePython/contributors,https://api.github.com/repos/20tab/UnrealEnginePython/issues/events{/number},https://api.github.com/repos/20tab/UnrealEnginePython/issues/comments{/number},https://api.github.com/repos/20tab/UnrealEnginePython/issues{/number},https://api.github.com/repos/20tab/UnrealEnginePython/releases{/id},https://api.github.com/repos/20tab/UnrealEnginePython/pulls{/number},"'C++, C, Python, C#, Shell"
85,166495086,Kashgari,https://github.com/BrikerMan/Kashgari,"Kashgari is a Production-ready NLP Transfer learning framework for text-labeling and text-classification, includes Word2Vec, BERT, and GPT2 Language Embedding.",2019-01-19T01:53:28Z,12407,1524,Python,304,1.0,20,1524,https://api.github.com/repos/BrikerMan/Kashgari/languages,https://api.github.com/repos/BrikerMan/Kashgari/contributors,https://api.github.com/repos/BrikerMan/Kashgari/issues/events{/number},https://api.github.com/repos/BrikerMan/Kashgari/issues/comments{/number},https://api.github.com/repos/BrikerMan/Kashgari/issues{/number},https://api.github.com/repos/BrikerMan/Kashgari/releases{/id},https://api.github.com/repos/BrikerMan/Kashgari/pulls{/number},'Python
86,5853229,angular-leaflet-directive,https://github.com/tombatossals/angular-leaflet-directive,AngularJS directive to embed an interact with maps managed by Leaflet library,2012-09-18T08:13:55Z,48134,1523,JavaScript,687,1.0,134,1523,https://api.github.com/repos/tombatossals/angular-leaflet-directive/languages,https://api.github.com/repos/tombatossals/angular-leaflet-directive/contributors,https://api.github.com/repos/tombatossals/angular-leaflet-directive/issues/events{/number},https://api.github.com/repos/tombatossals/angular-leaflet-directive/issues/comments{/number},https://api.github.com/repos/tombatossals/angular-leaflet-directive/issues{/number},https://api.github.com/repos/tombatossals/angular-leaflet-directive/releases{/id},https://api.github.com/repos/tombatossals/angular-leaflet-directive/pulls{/number},'JavaScript
87,75406961,smoltcp,https://github.com/smoltcp-rs/smoltcp,a smol tcp/ip stack,2016-12-02T15:21:02Z,1362,1487,Rust,119,1.0,41,1487,https://api.github.com/repos/smoltcp-rs/smoltcp/languages,https://api.github.com/repos/smoltcp-rs/smoltcp/contributors,https://api.github.com/repos/smoltcp-rs/smoltcp/issues/events{/number},https://api.github.com/repos/smoltcp-rs/smoltcp/issues/comments{/number},https://api.github.com/repos/smoltcp-rs/smoltcp/issues{/number},https://api.github.com/repos/smoltcp-rs/smoltcp/releases{/id},https://api.github.com/repos/smoltcp-rs/smoltcp/pulls{/number},"'Rust, Ruby"
88,30465921,justice,https://github.com/okor/justice,Embeddable script for displaying web page performance metrics.,2015-02-07T18:43:39Z,247,1466,JavaScript,55,1.0,20,1466,https://api.github.com/repos/okor/justice/languages,https://api.github.com/repos/okor/justice/contributors,https://api.github.com/repos/okor/justice/issues/events{/number},https://api.github.com/repos/okor/justice/issues/comments{/number},https://api.github.com/repos/okor/justice/issues{/number},https://api.github.com/repos/okor/justice/releases{/id},https://api.github.com/repos/okor/justice/pulls{/number},"'JavaScript, CSS"
89,161199191,awesome-sentence-embedding,https://github.com/Separius/awesome-sentence-embedding, A curated list of pretrained sentence and word embedding models,2018-12-10T15:55:01Z,236,1464,Python,195,1.0,3,1464,https://api.github.com/repos/Separius/awesome-sentence-embedding/languages,https://api.github.com/repos/Separius/awesome-sentence-embedding/contributors,https://api.github.com/repos/Separius/awesome-sentence-embedding/issues/events{/number},https://api.github.com/repos/Separius/awesome-sentence-embedding/issues/comments{/number},https://api.github.com/repos/Separius/awesome-sentence-embedding/issues{/number},https://api.github.com/repos/Separius/awesome-sentence-embedding/releases{/id},https://api.github.com/repos/Separius/awesome-sentence-embedding/pulls{/number},'Python
90,7948548,couchbase-lite-ios,https://github.com/couchbase/couchbase-lite-ios,"Lightweight, embedded, syncable NoSQL database engine for iOS and MacOS apps.",2013-02-01T00:09:26Z,66201,1448,Objective-C,283,1.0,75,1448,https://api.github.com/repos/couchbase/couchbase-lite-ios/languages,https://api.github.com/repos/couchbase/couchbase-lite-ios/contributors,https://api.github.com/repos/couchbase/couchbase-lite-ios/issues/events{/number},https://api.github.com/repos/couchbase/couchbase-lite-ios/issues/comments{/number},https://api.github.com/repos/couchbase/couchbase-lite-ios/issues{/number},https://api.github.com/repos/couchbase/couchbase-lite-ios/releases{/id},https://api.github.com/repos/couchbase/couchbase-lite-ios/pulls{/number},"'Objective-C, Swift, Objective-C++, Shell, C, CSS, HTML, C++, Ruby, JavaScript"
91,92715023,rtty,https://github.com/zhaojh329/rtty,Access your device's terminal from anywhere via the web.,2017-05-29T07:04:37Z,7325,1426,C,219,1.0,2,1426,https://api.github.com/repos/zhaojh329/rtty/languages,https://api.github.com/repos/zhaojh329/rtty/contributors,https://api.github.com/repos/zhaojh329/rtty/issues/events{/number},https://api.github.com/repos/zhaojh329/rtty/issues/comments{/number},https://api.github.com/repos/zhaojh329/rtty/issues{/number},https://api.github.com/repos/zhaojh329/rtty/releases{/id},https://api.github.com/repos/zhaojh329/rtty/pulls{/number},"'C, CMake, Shell, Lua"
92,13352949,civetweb,https://github.com/civetweb/civetweb,Embedded C/C++ web server,2013-10-05T21:37:17Z,26462,1425,C,612,1.0,82,1425,https://api.github.com/repos/civetweb/civetweb/languages,https://api.github.com/repos/civetweb/civetweb/contributors,https://api.github.com/repos/civetweb/civetweb/issues/events{/number},https://api.github.com/repos/civetweb/civetweb/issues/comments{/number},https://api.github.com/repos/civetweb/civetweb/issues{/number},https://api.github.com/repos/civetweb/civetweb/releases{/id},https://api.github.com/repos/civetweb/civetweb/pulls{/number},"'C, Lua, CMake, Batchfile, HTML, C++, Perl, Makefile, Shell, JavaScript, Python, QMake, CSS, PHP"
93,50259821,nerves,https://github.com/nerves-project/nerves,Craft and deploy bulletproof embedded software in Elixir,2016-01-23T21:42:42Z,1190,1408,Elixir,115,1.0,12,1408,https://api.github.com/repos/nerves-project/nerves/languages,https://api.github.com/repos/nerves-project/nerves/contributors,https://api.github.com/repos/nerves-project/nerves/issues/events{/number},https://api.github.com/repos/nerves-project/nerves/issues/comments{/number},https://api.github.com/repos/nerves-project/nerves/issues{/number},https://api.github.com/repos/nerves-project/nerves/releases{/id},https://api.github.com/repos/nerves-project/nerves/pulls{/number},"'Elixir, HTML, Shell"
94,127553476,rust-raspi3-OS-tutorials,https://github.com/rust-embedded/rust-raspi3-OS-tutorials,:books: Learn to write an embedded OS in Rust on the Raspberry Pi :crab:,2018-03-31T17:08:56Z,11422,1405,Rust,72,1.0,2,1405,https://api.github.com/repos/rust-embedded/rust-raspi3-OS-tutorials/languages,https://api.github.com/repos/rust-embedded/rust-raspi3-OS-tutorials/contributors,https://api.github.com/repos/rust-embedded/rust-raspi3-OS-tutorials/issues/events{/number},https://api.github.com/repos/rust-embedded/rust-raspi3-OS-tutorials/issues/comments{/number},https://api.github.com/repos/rust-embedded/rust-raspi3-OS-tutorials/issues{/number},https://api.github.com/repos/rust-embedded/rust-raspi3-OS-tutorials/releases{/id},https://api.github.com/repos/rust-embedded/rust-raspi3-OS-tutorials/pulls{/number},"'Rust, Makefile, Ruby, Assembly, Dockerfile, Shell"
95,4160039,v8js,https://github.com/phpv8/v8js,V8 Javascript Engine for PHP â€” This PHP extension embeds the Google V8 Javascript Engine,2012-04-27T16:09:49Z,1708,1405,C++,161,1.0,34,1405,https://api.github.com/repos/phpv8/v8js/languages,https://api.github.com/repos/phpv8/v8js/contributors,https://api.github.com/repos/phpv8/v8js/issues/events{/number},https://api.github.com/repos/phpv8/v8js/issues/comments{/number},https://api.github.com/repos/phpv8/v8js/issues{/number},https://api.github.com/repos/phpv8/v8js/releases{/id},https://api.github.com/repos/phpv8/v8js/pulls{/number},"'C++, PHP, M4, C, Makefile"
96,198616978,sentence-transformers,https://github.com/UKPLab/sentence-transformers,Sentence Embeddings with BERT & XLNet,2019-07-24T10:53:51Z,215,1396,Python,261,1.0,62,1396,https://api.github.com/repos/UKPLab/sentence-transformers/languages,https://api.github.com/repos/UKPLab/sentence-transformers/contributors,https://api.github.com/repos/UKPLab/sentence-transformers/issues/events{/number},https://api.github.com/repos/UKPLab/sentence-transformers/issues/comments{/number},https://api.github.com/repos/UKPLab/sentence-transformers/issues{/number},https://api.github.com/repos/UKPLab/sentence-transformers/releases{/id},https://api.github.com/repos/UKPLab/sentence-transformers/pulls{/number},'Python
97,29848246,PeachPy,https://github.com/Maratyszcza/PeachPy,x86-64 assembler embedded in Python,2015-01-26T06:32:48Z,934,1384,Python,119,1.0,20,1384,https://api.github.com/repos/Maratyszcza/PeachPy/languages,https://api.github.com/repos/Maratyszcza/PeachPy/contributors,https://api.github.com/repos/Maratyszcza/PeachPy/issues/events{/number},https://api.github.com/repos/Maratyszcza/PeachPy/issues/comments{/number},https://api.github.com/repos/Maratyszcza/PeachPy/issues{/number},https://api.github.com/repos/Maratyszcza/PeachPy/releases{/id},https://api.github.com/repos/Maratyszcza/PeachPy/pulls{/number},'Python
98,127671976,awesome-embedded-rust,https://github.com/rust-embedded/awesome-embedded-rust,Curated list of resources for Embedded and Low-level development in the Rust programming language,2018-04-01T21:17:15Z,466,1375,,117,1.0,16,1375,https://api.github.com/repos/rust-embedded/awesome-embedded-rust/languages,https://api.github.com/repos/rust-embedded/awesome-embedded-rust/contributors,https://api.github.com/repos/rust-embedded/awesome-embedded-rust/issues/events{/number},https://api.github.com/repos/rust-embedded/awesome-embedded-rust/issues/comments{/number},https://api.github.com/repos/rust-embedded/awesome-embedded-rust/issues{/number},https://api.github.com/repos/rust-embedded/awesome-embedded-rust/releases{/id},https://api.github.com/repos/rust-embedded/awesome-embedded-rust/pulls{/number},
99,97740046,sphereface,https://github.com/wy1iu/sphereface,Implementation for <SphereFace: Deep Hypersphere Embedding for Face Recognition> in CVPR'17.,2017-07-19T16:46:26Z,8419,1353,Jupyter Notebook,534,1.0,79,1353,https://api.github.com/repos/wy1iu/sphereface/languages,https://api.github.com/repos/wy1iu/sphereface/contributors,https://api.github.com/repos/wy1iu/sphereface/issues/events{/number},https://api.github.com/repos/wy1iu/sphereface/issues/comments{/number},https://api.github.com/repos/wy1iu/sphereface/issues{/number},https://api.github.com/repos/wy1iu/sphereface/releases{/id},https://api.github.com/repos/wy1iu/sphereface/pulls{/number},"'Jupyter Notebook, C++, Python, Cuda, CMake, MATLAB, Shell, Makefile, CSS, HTML, Dockerfile"
100,184654298,wasm-micro-runtime,https://github.com/bytecodealliance/wasm-micro-runtime,WebAssembly Micro Runtime (WAMR),2019-05-02T21:32:09Z,6436,1351,C,104,1.0,16,1351,https://api.github.com/repos/bytecodealliance/wasm-micro-runtime/languages,https://api.github.com/repos/bytecodealliance/wasm-micro-runtime/contributors,https://api.github.com/repos/bytecodealliance/wasm-micro-runtime/issues/events{/number},https://api.github.com/repos/bytecodealliance/wasm-micro-runtime/issues/comments{/number},https://api.github.com/repos/bytecodealliance/wasm-micro-runtime/issues{/number},https://api.github.com/repos/bytecodealliance/wasm-micro-runtime/releases{/id},https://api.github.com/repos/bytecodealliance/wasm-micro-runtime/pulls{/number},"'C, C++, Python, CMake, HTML, TypeScript, Shell, Assembly, CSS, JavaScript, Makefile, Dockerfile"
101,75587993,awesome-embedding-models,https://github.com/Hironsan/awesome-embedding-models,"A curated list of awesome embedding models tutorials, projects and communities.",2016-12-05T04:16:20Z,49,1308,Jupyter Notebook,212,1.0,2,1308,https://api.github.com/repos/Hironsan/awesome-embedding-models/languages,https://api.github.com/repos/Hironsan/awesome-embedding-models/contributors,https://api.github.com/repos/Hironsan/awesome-embedding-models/issues/events{/number},https://api.github.com/repos/Hironsan/awesome-embedding-models/issues/comments{/number},https://api.github.com/repos/Hironsan/awesome-embedding-models/issues{/number},https://api.github.com/repos/Hironsan/awesome-embedding-models/releases{/id},https://api.github.com/repos/Hironsan/awesome-embedding-models/pulls{/number},'Jupyter Notebook
102,91736144,SentEval,https://github.com/facebookresearch/SentEval,A python tool for evaluating the quality of sentence embeddings.,2017-05-18T20:44:47Z,34096,1302,Python,205,1.0,23,1302,https://api.github.com/repos/facebookresearch/SentEval/languages,https://api.github.com/repos/facebookresearch/SentEval/contributors,https://api.github.com/repos/facebookresearch/SentEval/issues/events{/number},https://api.github.com/repos/facebookresearch/SentEval/issues/comments{/number},https://api.github.com/repos/facebookresearch/SentEval/issues{/number},https://api.github.com/repos/facebookresearch/SentEval/releases{/id},https://api.github.com/repos/facebookresearch/SentEval/pulls{/number},"'Python, Shell, sed"
103,1951336,elasticmq,https://github.com/softwaremill/elasticmq,In-memory message queue with an Amazon SQS-compatible interface. Runs stand-alone or embedded.,2011-06-25T07:36:38Z,2503,1296,Scala,135,1.0,31,1296,https://api.github.com/repos/softwaremill/elasticmq/languages,https://api.github.com/repos/softwaremill/elasticmq/contributors,https://api.github.com/repos/softwaremill/elasticmq/issues/events{/number},https://api.github.com/repos/softwaremill/elasticmq/issues/comments{/number},https://api.github.com/repos/softwaremill/elasticmq/issues{/number},https://api.github.com/repos/softwaremill/elasticmq/releases{/id},https://api.github.com/repos/softwaremill/elasticmq/pulls{/number},"'Scala, Java, Dockerfile"
104,118165119,poincare-embeddings,https://github.com/facebookresearch/poincare-embeddings,"PyTorch implementation of the NIPS-17 paper ""PoincarÃ© Embeddings for Learning Hierarchical Representations""",2018-01-19T18:53:04Z,394,1282,Python,165,1.0,16,1282,https://api.github.com/repos/facebookresearch/poincare-embeddings/languages,https://api.github.com/repos/facebookresearch/poincare-embeddings/contributors,https://api.github.com/repos/facebookresearch/poincare-embeddings/issues/events{/number},https://api.github.com/repos/facebookresearch/poincare-embeddings/issues/comments{/number},https://api.github.com/repos/facebookresearch/poincare-embeddings/issues{/number},https://api.github.com/repos/facebookresearch/poincare-embeddings/releases{/id},https://api.github.com/repos/facebookresearch/poincare-embeddings/pulls{/number},"'Python, Shell"
105,15176507,v7,https://github.com/cesanta/v7,Embedded JavaScript engine for C/C++,2013-12-13T23:28:04Z,19733,1242,C,155,1.0,50,1242,https://api.github.com/repos/cesanta/v7/languages,https://api.github.com/repos/cesanta/v7/contributors,https://api.github.com/repos/cesanta/v7/issues/events{/number},https://api.github.com/repos/cesanta/v7/issues/comments{/number},https://api.github.com/repos/cesanta/v7/issues{/number},https://api.github.com/repos/cesanta/v7/releases{/id},https://api.github.com/repos/cesanta/v7/pulls{/number},"'C, JavaScript, Makefile"
106,21876326,word2vec-api,https://github.com/3Top/word2vec-api,Simple web service providing a word embedding model,2014-07-15T21:20:46Z,25,1236,Python,314,1.0,14,1236,https://api.github.com/repos/3Top/word2vec-api/languages,https://api.github.com/repos/3Top/word2vec-api/contributors,https://api.github.com/repos/3Top/word2vec-api/issues/events{/number},https://api.github.com/repos/3Top/word2vec-api/issues/comments{/number},https://api.github.com/repos/3Top/word2vec-api/issues{/number},https://api.github.com/repos/3Top/word2vec-api/releases{/id},https://api.github.com/repos/3Top/word2vec-api/pulls{/number},'Python
107,77057142,mjs,https://github.com/cesanta/mjs,Embedded JavaScript engine for C/C++,2016-12-21T14:11:16Z,5375,1233,C,97,1.0,51,1233,https://api.github.com/repos/cesanta/mjs/languages,https://api.github.com/repos/cesanta/mjs/contributors,https://api.github.com/repos/cesanta/mjs/issues/events{/number},https://api.github.com/repos/cesanta/mjs/issues/comments{/number},https://api.github.com/repos/cesanta/mjs/issues{/number},https://api.github.com/repos/cesanta/mjs/releases{/id},https://api.github.com/repos/cesanta/mjs/pulls{/number},"'C, Assembly, Python, Makefile, C++, JavaScript, Batchfile, Shell"
108,46462030,u-root,https://github.com/u-root/u-root,A fully Go userland with Linux bootloaders! u-root can create a root file system (initramfs) containing a busybox-like set of tools written in Go.,2015-11-19T02:28:59Z,46032,1225,Go,204,1.0,108,1225,https://api.github.com/repos/u-root/u-root/languages,https://api.github.com/repos/u-root/u-root/contributors,https://api.github.com/repos/u-root/u-root/issues/events{/number},https://api.github.com/repos/u-root/u-root/issues/comments{/number},https://api.github.com/repos/u-root/u-root/issues{/number},https://api.github.com/repos/u-root/u-root/releases{/id},https://api.github.com/repos/u-root/u-root/pulls{/number},"'Go, Dockerfile, Python, Assembly, Shell"
109,1028207,FastPdfKit,https://github.com/mobfarm/FastPdfKit,A Static Library to be embedded on iOS applications to display pdf documents derived from Fast PDF,2010-10-27T09:28:44Z,783956,1222,Objective-C,340,1.0,67,1222,https://api.github.com/repos/mobfarm/FastPdfKit/languages,https://api.github.com/repos/mobfarm/FastPdfKit/contributors,https://api.github.com/repos/mobfarm/FastPdfKit/issues/events{/number},https://api.github.com/repos/mobfarm/FastPdfKit/issues/comments{/number},https://api.github.com/repos/mobfarm/FastPdfKit/issues{/number},https://api.github.com/repos/mobfarm/FastPdfKit/releases{/id},https://api.github.com/repos/mobfarm/FastPdfKit/pulls{/number},"'Objective-C, C, C++, Objective-C++"
110,122715432,magnitude,https://github.com/plasticityai/magnitude,"A fast, efficient universal vector embedding utility package.",2018-02-24T07:28:16Z,74159,1213,Python,84,1.0,21,1213,https://api.github.com/repos/plasticityai/magnitude/languages,https://api.github.com/repos/plasticityai/magnitude/contributors,https://api.github.com/repos/plasticityai/magnitude/issues/events{/number},https://api.github.com/repos/plasticityai/magnitude/issues/comments{/number},https://api.github.com/repos/plasticityai/magnitude/issues{/number},https://api.github.com/repos/plasticityai/magnitude/releases{/id},https://api.github.com/repos/plasticityai/magnitude/pulls{/number},'Python
111,106151231,OpenNE,https://github.com/thunlp/OpenNE,An Open-Source Package for Network Embedding (NE),2017-10-08T04:58:20Z,15289,1209,Python,400,1.0,48,1209,https://api.github.com/repos/thunlp/OpenNE/languages,https://api.github.com/repos/thunlp/OpenNE/contributors,https://api.github.com/repos/thunlp/OpenNE/issues/events{/number},https://api.github.com/repos/thunlp/OpenNE/issues/comments{/number},https://api.github.com/repos/thunlp/OpenNE/issues{/number},https://api.github.com/repos/thunlp/OpenNE/releases{/id},https://api.github.com/repos/thunlp/OpenNE/pulls{/number},'Python
112,15022976,embd,https://github.com/kidoman/embd,Embedded Programming Framework in Go,2013-12-08T12:08:47Z,2003,1203,Go,153,1.0,46,1203,https://api.github.com/repos/kidoman/embd/languages,https://api.github.com/repos/kidoman/embd/contributors,https://api.github.com/repos/kidoman/embd/issues/events{/number},https://api.github.com/repos/kidoman/embd/issues/comments{/number},https://api.github.com/repos/kidoman/embd/issues{/number},https://api.github.com/repos/kidoman/embd/releases{/id},https://api.github.com/repos/kidoman/embd/pulls{/number},"'Go, Shell"
113,17839346,kaa,https://github.com/kaaproject/kaa,"Kaa Internet of Things platform for device management, data collection, analytics and visualization, remote control, software updates and more",2014-03-17T18:48:31Z,190126,1195,,428,1.0,5,1195,https://api.github.com/repos/kaaproject/kaa/languages,https://api.github.com/repos/kaaproject/kaa/contributors,https://api.github.com/repos/kaaproject/kaa/issues/events{/number},https://api.github.com/repos/kaaproject/kaa/issues/comments{/number},https://api.github.com/repos/kaaproject/kaa/issues{/number},https://api.github.com/repos/kaaproject/kaa/releases{/id},https://api.github.com/repos/kaaproject/kaa/pulls{/number},
114,88407030,susi_linux,https://github.com/fossasia/susi_linux,Hardware for SUSI AI https://susi.ai,2017-04-16T10:47:24Z,20472,1194,Python,146,1.0,44,1194,https://api.github.com/repos/fossasia/susi_linux/languages,https://api.github.com/repos/fossasia/susi_linux/contributors,https://api.github.com/repos/fossasia/susi_linux/issues/events{/number},https://api.github.com/repos/fossasia/susi_linux/issues/comments{/number},https://api.github.com/repos/fossasia/susi_linux/issues{/number},https://api.github.com/repos/fossasia/susi_linux/releases{/id},https://api.github.com/repos/fossasia/susi_linux/pulls{/number},"'Python, Shell"
115,74211231,deep-siamese-text-similarity,https://github.com/dhwajraj/deep-siamese-text-similarity,Tensorflow based implementation of deep siamese LSTM network to capture phrase/sentence similarity using character/word embeddings,2016-11-19T13:49:24Z,1400,1194,Python,407,1.0,28,1194,https://api.github.com/repos/dhwajraj/deep-siamese-text-similarity/languages,https://api.github.com/repos/dhwajraj/deep-siamese-text-similarity/contributors,https://api.github.com/repos/dhwajraj/deep-siamese-text-similarity/issues/events{/number},https://api.github.com/repos/dhwajraj/deep-siamese-text-similarity/issues/comments{/number},https://api.github.com/repos/dhwajraj/deep-siamese-text-similarity/issues{/number},https://api.github.com/repos/dhwajraj/deep-siamese-text-similarity/releases{/id},https://api.github.com/repos/dhwajraj/deep-siamese-text-similarity/pulls{/number},'Python
116,31244986,embed-js,https://github.com/ritz078/embed-js,"ğŸŒ»  A lightweight plugin to embed emojis, media, maps, tweets, code and more. âœ¨",2015-02-24T04:43:55Z,68596,1190,JavaScript,91,1.0,6,1190,https://api.github.com/repos/ritz078/embed-js/languages,https://api.github.com/repos/ritz078/embed-js/contributors,https://api.github.com/repos/ritz078/embed-js/issues/events{/number},https://api.github.com/repos/ritz078/embed-js/issues/comments{/number},https://api.github.com/repos/ritz078/embed-js/issues{/number},https://api.github.com/repos/ritz078/embed-js/releases{/id},https://api.github.com/repos/ritz078/embed-js/pulls{/number},"'JavaScript, CSS"
117,130690315,NLP-Models-Tensorflow,https://github.com/huseinzol05/NLP-Models-Tensorflow,"Gathers machine learning and Tensorflow deep learning models for NLP problems, 1.13 < Tensorflow < 2.0",2018-04-23T12:04:17Z,48095,1190,Jupyter Notebook,507,1.0,5,1190,https://api.github.com/repos/huseinzol05/NLP-Models-Tensorflow/languages,https://api.github.com/repos/huseinzol05/NLP-Models-Tensorflow/contributors,https://api.github.com/repos/huseinzol05/NLP-Models-Tensorflow/issues/events{/number},https://api.github.com/repos/huseinzol05/NLP-Models-Tensorflow/issues/comments{/number},https://api.github.com/repos/huseinzol05/NLP-Models-Tensorflow/issues{/number},https://api.github.com/repos/huseinzol05/NLP-Models-Tensorflow/releases{/id},https://api.github.com/repos/huseinzol05/NLP-Models-Tensorflow/pulls{/number},"'Jupyter Notebook, Python"
118,15691240,moonlight-embedded,https://github.com/irtimmer/moonlight-embedded,Gamestream client for embedded systems,2014-01-07T00:51:19Z,10409,1190,C,225,1.0,87,1190,https://api.github.com/repos/irtimmer/moonlight-embedded/languages,https://api.github.com/repos/irtimmer/moonlight-embedded/contributors,https://api.github.com/repos/irtimmer/moonlight-embedded/issues/events{/number},https://api.github.com/repos/irtimmer/moonlight-embedded/issues/comments{/number},https://api.github.com/repos/irtimmer/moonlight-embedded/issues{/number},https://api.github.com/repos/irtimmer/moonlight-embedded/releases{/id},https://api.github.com/repos/irtimmer/moonlight-embedded/pulls{/number},"'C, CMake, C++"
119,129008037,sod,https://github.com/symisc/sod,An Embedded Computer Vision & Machine Learning Library (CPU Optimized & IoT Capable),2018-04-10T23:51:01Z,3408,1175,C,161,1.0,3,1175,https://api.github.com/repos/symisc/sod/languages,https://api.github.com/repos/symisc/sod/contributors,https://api.github.com/repos/symisc/sod/issues/events{/number},https://api.github.com/repos/symisc/sod/issues/comments{/number},https://api.github.com/repos/symisc/sod/issues{/number},https://api.github.com/repos/symisc/sod/releases{/id},https://api.github.com/repos/symisc/sod/pulls{/number},"'C, HTML, Makefile"
