,Id,Name,URL,Description,Created,Size,Stars,Primal Language,Forks,Score,Open Issues Count,Watchers Count,Languages Url,Contributors Url,Issue Event Url,Issue Comment Url,Issues Url,Releases Url,Languages
0,121395510,CS-Notes,https://github.com/CyC2018/CS-Notes,:books: ÊäÄÊúØÈù¢ËØïÂøÖÂ§áÂü∫Á°ÄÁü•ËØÜ„ÄÅLeetcode„ÄÅËÆ°ÁÆóÊú∫Êìç‰ΩúÁ≥ªÁªü„ÄÅËÆ°ÁÆóÊú∫ÁΩëÁªú„ÄÅÁ≥ªÁªüËÆæËÆ°„ÄÅJava„ÄÅPython„ÄÅC++,2018-02-13T14:56:24Z,111782,95281,Java,30948,1.0,29,95281,https://api.github.com/repos/CyC2018/CS-Notes/languages,https://api.github.com/repos/CyC2018/CS-Notes/contributors,https://api.github.com/repos/CyC2018/CS-Notes/issues/events{/number},https://api.github.com/repos/CyC2018/CS-Notes/issues/comments{/number},https://api.github.com/repos/CyC2018/CS-Notes/issues{/number},https://api.github.com/repos/CyC2018/CS-Notes/releases{/id},'Java
1,88011908,project-based-learning,https://github.com/tuvtran/project-based-learning,Curated list of project-based tutorials,2017-04-12T05:07:46Z,425,30685,,5161,1.0,61,30685,https://api.github.com/repos/tuvtran/project-based-learning/languages,https://api.github.com/repos/tuvtran/project-based-learning/contributors,https://api.github.com/repos/tuvtran/project-based-learning/issues/events{/number},https://api.github.com/repos/tuvtran/project-based-learning/issues/comments{/number},https://api.github.com/repos/tuvtran/project-based-learning/issues{/number},https://api.github.com/repos/tuvtran/project-based-learning/releases{/id},
2,127407957,leetcode,https://github.com/azl397985856/leetcode, LeetCode Solutions: A Record of My Problem Solving Journey.( leetcodeÈ¢òËß£ÔºåËÆ∞ÂΩïËá™Â∑±ÁöÑleetcodeËß£È¢ò‰πãË∑Ø„ÄÇ),2018-03-30T09:13:51Z,46714,28943,JavaScript,5311,1.0,27,28943,https://api.github.com/repos/azl397985856/leetcode/languages,https://api.github.com/repos/azl397985856/leetcode/contributors,https://api.github.com/repos/azl397985856/leetcode/issues/events{/number},https://api.github.com/repos/azl397985856/leetcode/issues/comments{/number},https://api.github.com/repos/azl397985856/leetcode/issues{/number},https://api.github.com/repos/azl397985856/leetcode/releases{/id},'JavaScript
3,41058054,CppCoreGuidelines,https://github.com/isocpp/CppCoreGuidelines,"The C++ Core Guidelines are a set of tried-and-true guidelines, rules, and best practices about coding in C++",2015-08-19T20:22:52Z,25334,26619,Python,3536,1.0,162,26619,https://api.github.com/repos/isocpp/CppCoreGuidelines/languages,https://api.github.com/repos/isocpp/CppCoreGuidelines/contributors,https://api.github.com/repos/isocpp/CppCoreGuidelines/issues/events{/number},https://api.github.com/repos/isocpp/CppCoreGuidelines/issues/comments{/number},https://api.github.com/repos/isocpp/CppCoreGuidelines/issues{/number},https://api.github.com/repos/isocpp/CppCoreGuidelines/releases{/id},"'Python, C++, Makefile"
4,21935031,awesome-cpp,https://github.com/fffaraz/awesome-cpp,"A curated list of awesome C++ (or C) frameworks, libraries, resources, and shiny things. Inspired by awesome-... stuff.",2014-07-17T08:51:11Z,1524,24518,,4354,1.0,334,24518,https://api.github.com/repos/fffaraz/awesome-cpp/languages,https://api.github.com/repos/fffaraz/awesome-cpp/contributors,https://api.github.com/repos/fffaraz/awesome-cpp/issues/events{/number},https://api.github.com/repos/fffaraz/awesome-cpp/issues/comments{/number},https://api.github.com/repos/fffaraz/awesome-cpp/issues{/number},https://api.github.com/repos/fffaraz/awesome-cpp/releases{/id},
5,168008797,calculator,https://github.com/microsoft/calculator,Windows Calculator: A simple yet powerful calculator that ships with Windows,2019-01-28T17:55:49Z,25529,19579,C++,3332,1.0,175,19579,https://api.github.com/repos/microsoft/calculator/languages,https://api.github.com/repos/microsoft/calculator/contributors,https://api.github.com/repos/microsoft/calculator/issues/events{/number},https://api.github.com/repos/microsoft/calculator/issues/comments{/number},https://api.github.com/repos/microsoft/calculator/issues{/number},https://api.github.com/repos/microsoft/calculator/releases{/id},"'C++, C#, C, PowerShell, Shell"
6,89247811,openpose,https://github.com/CMU-Perceptual-Computing-Lab/openpose,"OpenPose: Real-time multi-person keypoint detection library for body, face, hands, and foot estimation",2017-04-24T14:06:31Z,86320,16368,C++,4917,1.0,32,16368,https://api.github.com/repos/CMU-Perceptual-Computing-Lab/openpose/languages,https://api.github.com/repos/CMU-Perceptual-Computing-Lab/openpose/contributors,https://api.github.com/repos/CMU-Perceptual-Computing-Lab/openpose/issues/events{/number},https://api.github.com/repos/CMU-Perceptual-Computing-Lab/openpose/issues/comments{/number},https://api.github.com/repos/CMU-Perceptual-Computing-Lab/openpose/issues{/number},https://api.github.com/repos/CMU-Perceptual-Computing-Lab/openpose/releases{/id},"'C++, Cuda, CMake, Shell, HCL, Batchfile, Python"
7,29857799,infer,https://github.com/facebook/infer,"A static analyzer for Java, C, C++, and Objective-C",2015-01-26T11:19:13Z,107751,10765,OCaml,1468,1.0,226,10765,https://api.github.com/repos/facebook/infer/languages,https://api.github.com/repos/facebook/infer/contributors,https://api.github.com/repos/facebook/infer/issues/events{/number},https://api.github.com/repos/facebook/infer/issues/comments{/number},https://api.github.com/repos/facebook/infer/issues{/number},https://api.github.com/repos/facebook/infer/releases{/id},"'OCaml, Java, C++, Standard ML, C, Objective-C, Makefile, Perl, Python, Shell, Objective-C++, M4, Dockerfile, Starlark, Assembly, CMake"
8,120887835,interview,https://github.com/huihut/interview,üìö C/C++ ÊäÄÊúØÈù¢ËØïÂü∫Á°ÄÁü•ËØÜÊÄªÁªìÔºåÂåÖÊã¨ËØ≠Ë®Ä„ÄÅÁ®ãÂ∫èÂ∫ì„ÄÅÊï∞ÊçÆÁªìÊûÑ„ÄÅÁÆóÊ≥ï„ÄÅÁ≥ªÁªü„ÄÅÁΩëÁªú„ÄÅÈìæÊé•Ë£ÖËΩΩÂ∫ìÁ≠âÁü•ËØÜÂèäÈù¢ËØïÁªèÈ™å„ÄÅÊãõËÅò„ÄÅÂÜÖÊé®Á≠â‰ø°ÊÅØ„ÄÇ,2018-02-09T09:49:48Z,5940,9993,C++,3153,1.0,2,9993,https://api.github.com/repos/huihut/interview/languages,https://api.github.com/repos/huihut/interview/contributors,https://api.github.com/repos/huihut/interview/issues/events{/number},https://api.github.com/repos/huihut/interview/issues/comments{/number},https://api.github.com/repos/huihut/interview/issues{/number},https://api.github.com/repos/huihut/interview/releases{/id},"'C++, C, CMake"
9,116167731,yuzu,https://github.com/yuzu-emu/yuzu,Nintendo Switch Emulator,2018-01-03T18:13:57Z,49939,9728,C++,689,1.0,236,9728,https://api.github.com/repos/yuzu-emu/yuzu/languages,https://api.github.com/repos/yuzu-emu/yuzu/contributors,https://api.github.com/repos/yuzu-emu/yuzu/issues/events{/number},https://api.github.com/repos/yuzu-emu/yuzu/issues/comments{/number},https://api.github.com/repos/yuzu-emu/yuzu/issues{/number},https://api.github.com/repos/yuzu-emu/yuzu/releases{/id},"'C++, CMake, Shell, Python, PowerShell, GLSL"
10,14095175,openage,https://github.com/SFTtech/openage,Free (as in freedom) open source clone of the Age of Empires II engine :rocket:,2013-11-03T22:35:23Z,8754,9474,C++,922,1.0,224,9474,https://api.github.com/repos/SFTtech/openage/languages,https://api.github.com/repos/SFTtech/openage/contributors,https://api.github.com/repos/SFTtech/openage/issues/events{/number},https://api.github.com/repos/SFTtech/openage/issues/comments{/number},https://api.github.com/repos/SFTtech/openage/issues{/number},https://api.github.com/repos/SFTtech/openage/releases{/id},"'C++, Python, CMake, QML, Makefile, GLSL, CSS, Shell, C, Objective-C++"
11,20570214,tink,https://github.com/google/tink,"Tink is a multi-language, cross-platform, open source library that provides cryptographic APIs that are secure, easy to use correctly, and hard(er) to misuse.",2014-06-06T16:21:09Z,25602,9270,C++,763,1.0,64,9270,https://api.github.com/repos/google/tink/languages,https://api.github.com/repos/google/tink/contributors,https://api.github.com/repos/google/tink/issues/events{/number},https://api.github.com/repos/google/tink/issues/comments{/number},https://api.github.com/repos/google/tink/issues{/number},https://api.github.com/repos/google/tink/releases{/id},"'C++, Java, Go, JavaScript, Python, Starlark, Objective-C++, CMake, Objective-C, Shell, C, TypeScript"
12,72396492,modern-cpp-features,https://github.com/AnthonyCalandra/modern-cpp-features,A cheatsheet of modern C++ language and library features.,2016-10-31T03:34:22Z,228,8738,,899,1.0,2,8738,https://api.github.com/repos/AnthonyCalandra/modern-cpp-features/languages,https://api.github.com/repos/AnthonyCalandra/modern-cpp-features/contributors,https://api.github.com/repos/AnthonyCalandra/modern-cpp-features/issues/events{/number},https://api.github.com/repos/AnthonyCalandra/modern-cpp-features/issues/comments{/number},https://api.github.com/repos/AnthonyCalandra/modern-cpp-features/issues{/number},https://api.github.com/repos/AnthonyCalandra/modern-cpp-features/releases{/id},
13,68312233,vcpkg,https://github.com/microsoft/vcpkg,"C++ Library Manager for Windows, Linux, and MacOS",2016-09-15T16:40:50Z,21588,8359,CMake,2250,1.0,1539,8359,https://api.github.com/repos/microsoft/vcpkg/languages,https://api.github.com/repos/microsoft/vcpkg/contributors,https://api.github.com/repos/microsoft/vcpkg/issues/events{/number},https://api.github.com/repos/microsoft/vcpkg/issues/comments{/number},https://api.github.com/repos/microsoft/vcpkg/issues{/number},https://api.github.com/repos/microsoft/vcpkg/releases{/id},"'CMake, C++, C, PowerShell, Python, Perl, Shell, Batchfile"
14,29397594,tinyrenderer,https://github.com/ssloy/tinyrenderer,A brief computer graphics / rendering course,2015-01-17T16:46:01Z,66675,8272,C++,712,1.0,9,8272,https://api.github.com/repos/ssloy/tinyrenderer/languages,https://api.github.com/repos/ssloy/tinyrenderer/contributors,https://api.github.com/repos/ssloy/tinyrenderer/issues/events{/number},https://api.github.com/repos/ssloy/tinyrenderer/issues/comments{/number},https://api.github.com/repos/ssloy/tinyrenderer/issues{/number},https://api.github.com/repos/ssloy/tinyrenderer/releases{/id},"'C++, Makefile"
15,26038648,spdlog,https://github.com/gabime/spdlog,Fast C++ logging library.,2014-11-01T01:28:53Z,40026,8093,C++,1771,1.0,16,8093,https://api.github.com/repos/gabime/spdlog/languages,https://api.github.com/repos/gabime/spdlog/contributors,https://api.github.com/repos/gabime/spdlog/issues/events{/number},https://api.github.com/repos/gabime/spdlog/issues/comments{/number},https://api.github.com/repos/gabime/spdlog/issues{/number},https://api.github.com/repos/gabime/spdlog/releases{/id},"'C++, CMake, Meson, C, Python, Shell"
16,18348651,OpenRCT2,https://github.com/OpenRCT2/OpenRCT2,An open source re-implementation of RollerCoaster Tycoon 2 üé¢,2014-04-01T23:32:25Z,109826,7771,C++,876,1.0,1565,7771,https://api.github.com/repos/OpenRCT2/OpenRCT2/languages,https://api.github.com/repos/OpenRCT2/OpenRCT2/contributors,https://api.github.com/repos/OpenRCT2/OpenRCT2/issues/events{/number},https://api.github.com/repos/OpenRCT2/OpenRCT2/issues/comments{/number},https://api.github.com/repos/OpenRCT2/OpenRCT2/issues{/number},https://api.github.com/repos/OpenRCT2/OpenRCT2/releases{/id},"'C++, C, Java, CMake, Shell, XC, NSIS, Objective-C++, Python, Dockerfile, GLSL, Roff, Nix, PHP, Batchfile"
17,40892817,solidity,https://github.com/ethereum/solidity,"Solidity, the Contract-Oriented Programming Language",2015-08-17T12:27:26Z,35961,7748,C++,2157,1.0,709,7748,https://api.github.com/repos/ethereum/solidity/languages,https://api.github.com/repos/ethereum/solidity/contributors,https://api.github.com/repos/ethereum/solidity/issues/events{/number},https://api.github.com/repos/ethereum/solidity/issues/comments{/number},https://api.github.com/repos/ethereum/solidity/issues{/number},https://api.github.com/repos/ethereum/solidity/releases{/id},"'C++, Solidity, Shell, CMake, C, Python, Dockerfile, Batchfile, JavaScript"
18,47690142,Sourcetrail,https://github.com/CoatiSoftware/Sourcetrail,Sourcetrail - free and open-source interactive source explorer,2015-12-09T12:32:11Z,284123,7659,C++,448,1.0,280,7659,https://api.github.com/repos/CoatiSoftware/Sourcetrail/languages,https://api.github.com/repos/CoatiSoftware/Sourcetrail/contributors,https://api.github.com/repos/CoatiSoftware/Sourcetrail/issues/events{/number},https://api.github.com/repos/CoatiSoftware/Sourcetrail/issues/comments{/number},https://api.github.com/repos/CoatiSoftware/Sourcetrail/issues{/number},https://api.github.com/repos/CoatiSoftware/Sourcetrail/releases{/id},"'C++, C, Java, CMake, Shell, CSS, Objective-C, Python, Dockerfile, C#, XSLT, Batchfile"
19,501687,antlr4,https://github.com/antlr/antlr4,"ANTLR (ANother Tool for Language Recognition) is a powerful parser generator for reading, processing, executing, or translating structured text or binary files.",2010-02-04T01:36:28Z,63043,7406,Java,1846,1.0,570,7406,https://api.github.com/repos/antlr/antlr4/languages,https://api.github.com/repos/antlr/antlr4/contributors,https://api.github.com/repos/antlr/antlr4/issues/events{/number},https://api.github.com/repos/antlr/antlr4/issues/comments{/number},https://api.github.com/repos/antlr/antlr4/issues{/number},https://api.github.com/repos/antlr/antlr4/releases{/id},"'Java, Python, C#, C++, Swift, JavaScript, Go, ANTLR, GAP, CMake, Objective-C++, Shell, C, PowerShell, Batchfile, HTML, Makefile, Objective-C"
20,102222927,milewski-ctfp-pdf,https://github.com/hmemcpy/milewski-ctfp-pdf,Bartosz Milewski's 'Category Theory for Programmers' unofficial PDF and LaTeX source,2017-09-02T20:53:28Z,69763,7101,TeX,354,1.0,44,7101,https://api.github.com/repos/hmemcpy/milewski-ctfp-pdf/languages,https://api.github.com/repos/hmemcpy/milewski-ctfp-pdf/contributors,https://api.github.com/repos/hmemcpy/milewski-ctfp-pdf/issues/events{/number},https://api.github.com/repos/hmemcpy/milewski-ctfp-pdf/issues/comments{/number},https://api.github.com/repos/hmemcpy/milewski-ctfp-pdf/issues{/number},https://api.github.com/repos/hmemcpy/milewski-ctfp-pdf/releases{/id},"'TeX, OCaml, Scala, Haskell, Standard ML, Makefile, Python, Nix"
21,265995,vowpal_wabbit,https://github.com/VowpalWabbit/vowpal_wabbit,"Vowpal Wabbit is a machine learning system which pushes the frontier of machine learning with techniques such as online, hashing, allreduce, reductions, learning2search, active, and interactive learning.  ",2009-07-31T19:36:58Z,127172,6972,C++,1643,1.0,153,6972,https://api.github.com/repos/VowpalWabbit/vowpal_wabbit/languages,https://api.github.com/repos/VowpalWabbit/vowpal_wabbit/contributors,https://api.github.com/repos/VowpalWabbit/vowpal_wabbit/issues/events{/number},https://api.github.com/repos/VowpalWabbit/vowpal_wabbit/issues/comments{/number},https://api.github.com/repos/VowpalWabbit/vowpal_wabbit/issues{/number},https://api.github.com/repos/VowpalWabbit/vowpal_wabbit/releases{/id},"'C++, C#, PLSQL, Python, Perl, Java, Jupyter Notebook, C, CMake, Shell, R, Makefile, HTML, Batchfile, Scala, Ruby, ANTLR, Tcl, Scheme"
22,104231541,abseil-cpp,https://github.com/abseil/abseil-cpp,Abseil Common Libraries (C++),2017-09-20T15:10:30Z,6812,6697,C++,1108,1.0,42,6697,https://api.github.com/repos/abseil/abseil-cpp/languages,https://api.github.com/repos/abseil/abseil-cpp/contributors,https://api.github.com/repos/abseil/abseil-cpp/issues/events{/number},https://api.github.com/repos/abseil/abseil-cpp/issues/comments{/number},https://api.github.com/repos/abseil/abseil-cpp/issues{/number},https://api.github.com/repos/abseil/abseil-cpp/releases{/id},"'C++, Starlark, CMake, NASL, C, Shell, Python"
23,4414698,compiler-explorer,https://github.com/mattgodbolt/compiler-explorer,Run compilers interactively from your web browser and interact with the assembly,2012-05-23T01:31:17Z,12601,6647,JavaScript,797,1.0,307,6647,https://api.github.com/repos/mattgodbolt/compiler-explorer/languages,https://api.github.com/repos/mattgodbolt/compiler-explorer/contributors,https://api.github.com/repos/mattgodbolt/compiler-explorer/issues/events{/number},https://api.github.com/repos/mattgodbolt/compiler-explorer/issues/comments{/number},https://api.github.com/repos/mattgodbolt/compiler-explorer/issues{/number},https://api.github.com/repos/mattgodbolt/compiler-explorer/releases{/id},"'JavaScript, Assembly, HTML, Python, CSS, Makefile, Batchfile, Shell, PHP, Java, Go, C++"
24,52422583,BackgroundMusic,https://github.com/kyleneideck/BackgroundMusic,"Background Music, a macOS audio utility: automatically pause your music, set individual apps' volumes and record system audio.",2016-02-24T07:19:32Z,1887,6213,C++,279,1.0,168,6213,https://api.github.com/repos/kyleneideck/BackgroundMusic/languages,https://api.github.com/repos/kyleneideck/BackgroundMusic/contributors,https://api.github.com/repos/kyleneideck/BackgroundMusic/issues/events{/number},https://api.github.com/repos/kyleneideck/BackgroundMusic/issues/comments{/number},https://api.github.com/repos/kyleneideck/BackgroundMusic/issues{/number},https://api.github.com/repos/kyleneideck/BackgroundMusic/releases{/id},"'C++, Objective-C, C, Objective-C++, Shell, JavaScript, TeX, Python"
25,55082941,awesome-modern-cpp,https://github.com/rigtorp/awesome-modern-cpp,A collection of resources on modern C++,2016-03-30T17:26:27Z,229,6165,HTML,622,1.0,2,6165,https://api.github.com/repos/rigtorp/awesome-modern-cpp/languages,https://api.github.com/repos/rigtorp/awesome-modern-cpp/contributors,https://api.github.com/repos/rigtorp/awesome-modern-cpp/issues/events{/number},https://api.github.com/repos/rigtorp/awesome-modern-cpp/issues/comments{/number},https://api.github.com/repos/rigtorp/awesome-modern-cpp/issues{/number},https://api.github.com/repos/rigtorp/awesome-modern-cpp/releases{/id},'HTML
26,11577304,dolphin,https://github.com/dolphin-emu/dolphin,"Dolphin is a GameCube / Wii emulator, allowing you to play games for these two platforms on PC with improvements.",2013-07-22T09:07:57Z,388421,6062,C++,1393,1.0,169,6062,https://api.github.com/repos/dolphin-emu/dolphin/languages,https://api.github.com/repos/dolphin-emu/dolphin/contributors,https://api.github.com/repos/dolphin-emu/dolphin/issues/events{/number},https://api.github.com/repos/dolphin-emu/dolphin/issues/comments{/number},https://api.github.com/repos/dolphin-emu/dolphin/issues{/number},https://api.github.com/repos/dolphin-emu/dolphin/releases{/id},"'C++, C, Java, Shell, Objective-C, CMake, PHP, Makefile, Yacc, Python, Objective-C++, Perl, GLSL, Assembly, VBScript, Batchfile, M4, NSIS, HTML, JavaScript, Roff, Lua, QMake, Smarty, Ruby"
27,66088979,modern-cpp-tutorial,https://github.com/changkun/modern-cpp-tutorial,üìö Modern C++ Tutorial: C++11/14/17/20 On the Fly,2016-08-19T14:39:15Z,39040,5905,C++,837,1.0,4,5905,https://api.github.com/repos/changkun/modern-cpp-tutorial/languages,https://api.github.com/repos/changkun/modern-cpp-tutorial/contributors,https://api.github.com/repos/changkun/modern-cpp-tutorial/issues/events{/number},https://api.github.com/repos/changkun/modern-cpp-tutorial/issues/comments{/number},https://api.github.com/repos/changkun/modern-cpp-tutorial/issues{/number},https://api.github.com/repos/changkun/modern-cpp-tutorial/releases{/id},"'C++, CSS, HTML, TeX, Makefile, JavaScript, Python, Dockerfile, C"
28,19866730,citra,https://github.com/citra-emu/citra,A Nintendo 3DS Emulator,2014-05-16T18:33:15Z,58499,5570,C++,1199,1.0,467,5570,https://api.github.com/repos/citra-emu/citra/languages,https://api.github.com/repos/citra-emu/citra/contributors,https://api.github.com/repos/citra-emu/citra/issues/events{/number},https://api.github.com/repos/citra-emu/citra/issues/comments{/number},https://api.github.com/repos/citra-emu/citra/issues{/number},https://api.github.com/repos/citra-emu/citra/releases{/id},"'C++, PHP, CMake, GLSL, Shell, Java, Python, PowerShell"
29,19614405,Cpp-Primer,https://github.com/Mooophy/Cpp-Primer,C++ Primer 5 answers,2014-05-09T14:43:33Z,1639,5026,C++,2441,1.0,157,5026,https://api.github.com/repos/Mooophy/Cpp-Primer/languages,https://api.github.com/repos/Mooophy/Cpp-Primer/contributors,https://api.github.com/repos/Mooophy/Cpp-Primer/issues/events{/number},https://api.github.com/repos/Mooophy/Cpp-Primer/issues/comments{/number},https://api.github.com/repos/Mooophy/Cpp-Primer/issues{/number},https://api.github.com/repos/Mooophy/Cpp-Primer/releases{/id},"'C++, Ruby, QMake"
30,23202799,cpprestsdk,https://github.com/microsoft/cpprestsdk,The C++ REST SDK is a Microsoft project for cloud-based client-server communication in native code using a modern asynchronous C++ API design. This project aims to help C++ developers connect to and interact with services.,2014-08-21T20:57:45Z,10829,5010,C++,1217,1.0,572,5010,https://api.github.com/repos/microsoft/cpprestsdk/languages,https://api.github.com/repos/microsoft/cpprestsdk/contributors,https://api.github.com/repos/microsoft/cpprestsdk/issues/events{/number},https://api.github.com/repos/microsoft/cpprestsdk/issues/comments{/number},https://api.github.com/repos/microsoft/cpprestsdk/issues{/number},https://api.github.com/repos/microsoft/cpprestsdk/releases{/id},"'C++, CMake, C, HTML, Shell, JavaScript, Makefile, CSS, PowerShell"
31,2400938,clip,https://github.com/asmuth/clip,Create charts and diagrams from the command line,2011-09-16T17:58:37Z,35457,4998,C++,402,1.0,2,4998,https://api.github.com/repos/asmuth/clip/languages,https://api.github.com/repos/asmuth/clip/contributors,https://api.github.com/repos/asmuth/clip/issues/events{/number},https://api.github.com/repos/asmuth/clip/issues/comments{/number},https://api.github.com/repos/asmuth/clip/issues{/number},https://api.github.com/repos/asmuth/clip/releases{/id},"'C++, CLIPS, CMake, Shell, C"
32,1099265,cython,https://github.com/cython/cython,The most widely used Python to C compiler,2010-11-21T07:44:20Z,56621,4990,Python,993,1.0,833,4990,https://api.github.com/repos/cython/cython/languages,https://api.github.com/repos/cython/cython/contributors,https://api.github.com/repos/cython/cython/issues/events{/number},https://api.github.com/repos/cython/cython/issues/comments{/number},https://api.github.com/repos/cython/cython/issues{/number},https://api.github.com/repos/cython/cython/releases{/id},"'Python, C, C++, Emacs Lisp, PowerShell, Starlark, Makefile, Batchfile, sed, Smalltalk"
33,111442748,wav2letter,https://github.com/facebookresearch/wav2letter,Facebook AI Research's Automatic Speech Recognition Toolkit ,2017-11-20T17:39:41Z,4260,4964,C++,799,1.0,60,4964,https://api.github.com/repos/facebookresearch/wav2letter/languages,https://api.github.com/repos/facebookresearch/wav2letter/contributors,https://api.github.com/repos/facebookresearch/wav2letter/issues/events{/number},https://api.github.com/repos/facebookresearch/wav2letter/issues/comments{/number},https://api.github.com/repos/facebookresearch/wav2letter/issues{/number},https://api.github.com/repos/facebookresearch/wav2letter/releases{/id},"'C++, Python, CMake, Cuda, Shell, C, Dockerfile"
34,8162615,pcl,https://github.com/PointCloudLibrary/pcl,Point Cloud Library (PCL),2013-02-12T16:40:25Z,229174,4800,C++,3241,1.0,626,4800,https://api.github.com/repos/PointCloudLibrary/pcl/languages,https://api.github.com/repos/PointCloudLibrary/pcl/contributors,https://api.github.com/repos/PointCloudLibrary/pcl/issues/events{/number},https://api.github.com/repos/PointCloudLibrary/pcl/issues/comments{/number},https://api.github.com/repos/PointCloudLibrary/pcl/issues{/number},https://api.github.com/repos/PointCloudLibrary/pcl/releases{/id},"'C++, Cuda, CMake, C, Python, Objective-C, Shell, MATLAB, GLSL, Objective-C++, Dockerfile"
35,4454793,MuseScore,https://github.com/musescore/MuseScore,"MuseScore is an open source and free music notation software. For support, contribution, bug reports, visit MuseScore.org. Fork and make pull requests!",2012-05-26T12:46:33Z,420443,4481,C++,1381,1.0,178,4481,https://api.github.com/repos/musescore/MuseScore/languages,https://api.github.com/repos/musescore/MuseScore/contributors,https://api.github.com/repos/musescore/MuseScore/issues/events{/number},https://api.github.com/repos/musescore/MuseScore/issues/comments{/number},https://api.github.com/repos/musescore/MuseScore/issues{/number},https://api.github.com/repos/musescore/MuseScore/releases{/id},"'C++, CMake, Shell, QML, Objective-C, CartoCSS, HTML, C, Batchfile, Roff, Python, Makefile, CSS, Perl, Smarty, NSIS, Objective-C++, Dockerfile, JavaScript, QMake, LilyPond"
36,63477612,C-Plus-Plus,https://github.com/TheAlgorithms/C-Plus-Plus,All Algorithms implemented in C++,2016-07-16T10:19:45Z,1657,4391,C++,1717,1.0,375,4391,https://api.github.com/repos/TheAlgorithms/C-Plus-Plus/languages,https://api.github.com/repos/TheAlgorithms/C-Plus-Plus/contributors,https://api.github.com/repos/TheAlgorithms/C-Plus-Plus/issues/events{/number},https://api.github.com/repos/TheAlgorithms/C-Plus-Plus/issues/comments{/number},https://api.github.com/repos/TheAlgorithms/C-Plus-Plus/issues{/number},https://api.github.com/repos/TheAlgorithms/C-Plus-Plus/releases{/id},"'C++, Makefile"
37,50461701,serving,https://github.com/tensorflow/serving,"A flexible, high-performance serving system for machine learning models",2016-01-26T21:48:20Z,6110,4239,C++,1705,1.0,86,4239,https://api.github.com/repos/tensorflow/serving/languages,https://api.github.com/repos/tensorflow/serving/contributors,https://api.github.com/repos/tensorflow/serving/issues/events{/number},https://api.github.com/repos/tensorflow/serving/issues/comments{/number},https://api.github.com/repos/tensorflow/serving/issues{/number},https://api.github.com/repos/tensorflow/serving/releases{/id},"'C++, Starlark, Python, Shell, C, Dockerfile"
38,160532045,FAQGURU,https://github.com/FAQGURU/FAQGURU,:school_satchel: :rocket: :tada: A list of interview questions. This repository is everything you need to prepare for your technical interview.,2018-12-05T14:40:22Z,606,4104,,439,1.0,15,4104,https://api.github.com/repos/FAQGURU/FAQGURU/languages,https://api.github.com/repos/FAQGURU/FAQGURU/contributors,https://api.github.com/repos/FAQGURU/FAQGURU/issues/events{/number},https://api.github.com/repos/FAQGURU/FAQGURU/issues/comments{/number},https://api.github.com/repos/FAQGURU/FAQGURU/issues{/number},https://api.github.com/repos/FAQGURU/FAQGURU/releases{/id},
39,103610640,GuiLite,https://github.com/idea4good/GuiLite,‚úîÔ∏èThe smallest header-only GUI library(5 KLOC) for all platforms,2017-09-15T03:40:38Z,73831,4075,C++,436,1.0,0,4075,https://api.github.com/repos/idea4good/GuiLite/languages,https://api.github.com/repos/idea4good/GuiLite/contributors,https://api.github.com/repos/idea4good/GuiLite/issues/events{/number},https://api.github.com/repos/idea4good/GuiLite/issues/comments{/number},https://api.github.com/repos/idea4good/GuiLite/issues{/number},https://api.github.com/repos/idea4good/GuiLite/releases{/id},"'C++, Shell, Batchfile, CMake, C"
40,21562567,IncludeOS,https://github.com/includeos/IncludeOS,"A minimal, resource efficient unikernel for cloud services",2014-07-07T08:15:06Z,51933,4055,C++,316,1.0,64,4055,https://api.github.com/repos/includeos/IncludeOS/languages,https://api.github.com/repos/includeos/IncludeOS/contributors,https://api.github.com/repos/includeos/IncludeOS/issues/events{/number},https://api.github.com/repos/includeos/IncludeOS/issues/comments{/number},https://api.github.com/repos/includeos/IncludeOS/issues{/number},https://api.github.com/repos/includeos/IncludeOS/releases{/id},"'C++, CMake, Python, Assembly, Shell, C, JavaScript, Makefile, Dockerfile, Ruby, GDB"
41,7550637,xenia,https://github.com/xenia-project/xenia,Xbox 360 Emulator Research Project ,2013-01-10T23:20:45Z,31875,4048,C++,599,1.0,208,4048,https://api.github.com/repos/xenia-project/xenia/languages,https://api.github.com/repos/xenia-project/xenia/contributors,https://api.github.com/repos/xenia-project/xenia/issues/events{/number},https://api.github.com/repos/xenia-project/xenia/issues/comments{/number},https://api.github.com/repos/xenia-project/xenia/issues{/number},https://api.github.com/repos/xenia-project/xenia/releases{/id},"'C++, C, Assembly, HLSL, Python, Lua, C#, GLSL, Batchfile, Pawn"
42,1291410,libvips,https://github.com/libvips/libvips,A fast image processing library with low memory needs.,2011-01-25T13:15:00Z,70567,4022,C,350,1.0,82,4022,https://api.github.com/repos/libvips/libvips/languages,https://api.github.com/repos/libvips/libvips/contributors,https://api.github.com/repos/libvips/libvips/issues/events{/number},https://api.github.com/repos/libvips/libvips/issues/comments{/number},https://api.github.com/repos/libvips/libvips/issues{/number},https://api.github.com/repos/libvips/libvips/releases{/id},"'C, C++, Python, M4, Shell, Makefile"
43,15379620,pcsx2,https://github.com/PCSX2/pcsx2,PCSX2 - The Playstation 2 Emulator,2013-12-22T17:56:48Z,101887,3906,C++,670,1.0,533,3906,https://api.github.com/repos/PCSX2/pcsx2/languages,https://api.github.com/repos/PCSX2/pcsx2/contributors,https://api.github.com/repos/PCSX2/pcsx2/issues/events{/number},https://api.github.com/repos/PCSX2/pcsx2/issues/comments{/number},https://api.github.com/repos/PCSX2/pcsx2/issues{/number},https://api.github.com/repos/PCSX2/pcsx2/releases{/id},"'C++, C, HLSL, C#, CMake, GLSL, HTML, Objective-C, Assembly, Shell, Perl, NSIS, Batchfile, Roff, M4, Makefile"
44,105944401,yugabyte-db,https://github.com/yugabyte/yugabyte-db,"The high-performance distributed SQL database for global, internet-scale apps.",2017-10-05T21:56:00Z,171690,3685,C,330,1.0,1625,3685,https://api.github.com/repos/yugabyte/yugabyte-db/languages,https://api.github.com/repos/yugabyte/yugabyte-db/contributors,https://api.github.com/repos/yugabyte/yugabyte-db/issues/events{/number},https://api.github.com/repos/yugabyte/yugabyte-db/issues/comments{/number},https://api.github.com/repos/yugabyte/yugabyte-db/issues{/number},https://api.github.com/repos/yugabyte/yugabyte-db/releases{/id},"'C, C++, Java, PLpgSQL, TSQL, JavaScript, Python, Yacc, Perl, Shell, CMake, SQLPL, Objective-C, Makefile, Lex, CSS, M4, Ruby, XSLT, HTML, Roff, Scala, PLSQL, Batchfile, XS, PHP, Emacs Lisp, DTrace, Assembly, sed, Dockerfile"
45,47190624,conan,https://github.com/conan-io/conan,Conan - The open-source C/C++ package manager,2015-12-01T13:17:02Z,11483,3667,Python,491,1.0,1132,3667,https://api.github.com/repos/conan-io/conan/languages,https://api.github.com/repos/conan-io/conan/contributors,https://api.github.com/repos/conan-io/conan/issues/events{/number},https://api.github.com/repos/conan-io/conan/issues/comments{/number},https://api.github.com/repos/conan-io/conan/issues{/number},https://api.github.com/repos/conan-io/conan/releases{/id},"'Python, CMake, C++, C, Groovy"
46,15460666,aleth,https://github.com/ethereum/aleth,"Aleth ‚Äì Ethereum C++ client, tools and libraries",2013-12-26T21:26:06Z,58003,3649,C++,2228,1.0,331,3649,https://api.github.com/repos/ethereum/aleth/languages,https://api.github.com/repos/ethereum/aleth/contributors,https://api.github.com/repos/ethereum/aleth/issues/events{/number},https://api.github.com/repos/ethereum/aleth/issues/comments{/number},https://api.github.com/repos/ethereum/aleth/issues{/number},https://api.github.com/repos/ethereum/aleth/releases{/id},"'C++, CMake, Shell, Assembly, Python, C, Dockerfile, Makefile, Batchfile"
47,2436255,osrm-backend,https://github.com/Project-OSRM/osrm-backend,Open Source Routing Machine - C++ backend,2011-09-22T10:05:08Z,31375,3624,C++,1985,1.0,732,3624,https://api.github.com/repos/Project-OSRM/osrm-backend/languages,https://api.github.com/repos/Project-OSRM/osrm-backend/contributors,https://api.github.com/repos/Project-OSRM/osrm-backend/issues/events{/number},https://api.github.com/repos/Project-OSRM/osrm-backend/issues/comments{/number},https://api.github.com/repos/Project-OSRM/osrm-backend/issues{/number},https://api.github.com/repos/Project-OSRM/osrm-backend/releases{/id},"'C++, Gherkin, JavaScript, Lua, CMake, Python, Shell, Batchfile, Makefile, Dockerfile"
48,22687036,algorithms_and_data_structures,https://github.com/mandliya/algorithms_and_data_structures,180+ Algorithm & Data Structure Problems using C++,2014-08-06T15:08:27Z,768,3579,C++,819,1.0,76,3579,https://api.github.com/repos/mandliya/algorithms_and_data_structures/languages,https://api.github.com/repos/mandliya/algorithms_and_data_structures/contributors,https://api.github.com/repos/mandliya/algorithms_and_data_structures/issues/events{/number},https://api.github.com/repos/mandliya/algorithms_and_data_structures/issues/comments{/number},https://api.github.com/repos/mandliya/algorithms_and_data_structures/issues{/number},https://api.github.com/repos/mandliya/algorithms_and_data_structures/releases{/id},"'C++, Python, C, CMake"
49,8730628,CppTemplateTutorial,https://github.com/wuye9036/CppTemplateTutorial,‰∏≠ÊñáÁöÑC++ TemplateÁöÑÊïôÂ≠¶ÊåáÂçó„ÄÇ‰∏éÁü•Âêç‰π¶Á±çC++ Templates‰∏çÂêåÔºåËØ•Á≥ªÂàóÊïôÁ®ãÂ∞ÜC++ Templates‰Ωú‰∏∫‰∏ÄÈó®ÂõæÁÅµÂÆåÂ§áÁöÑËØ≠Ë®ÄÊù•ËÆ≤ÊéàÔºå‰ª•Ê±ÇÂ∏ÆÂä©ËØªËÄÖÂØπMeta-ProgrammingËûç‰ºöË¥ØÈÄö„ÄÇ(Ê≠£Âú®ÊñΩÂ∑•‰∏≠),2013-03-12T15:09:02Z,420,3354,C++,634,1.0,11,3354,https://api.github.com/repos/wuye9036/CppTemplateTutorial/languages,https://api.github.com/repos/wuye9036/CppTemplateTutorial/contributors,https://api.github.com/repos/wuye9036/CppTemplateTutorial/issues/events{/number},https://api.github.com/repos/wuye9036/CppTemplateTutorial/issues/comments{/number},https://api.github.com/repos/wuye9036/CppTemplateTutorial/issues{/number},https://api.github.com/repos/wuye9036/CppTemplateTutorial/releases{/id},"'C++, C"
50,115342681,olive,https://github.com/olive-editor/olive,Free open-source non-linear video editor,2017-12-25T14:12:29Z,13761,3345,C++,251,1.0,174,3345,https://api.github.com/repos/olive-editor/olive/languages,https://api.github.com/repos/olive-editor/olive/contributors,https://api.github.com/repos/olive-editor/olive/issues/events{/number},https://api.github.com/repos/olive-editor/olive/issues/comments{/number},https://api.github.com/repos/olive-editor/olive/issues{/number},https://api.github.com/repos/olive-editor/olive/releases{/id},"'C++, CMake, GLSL, Shell, Batchfile, C, NSIS, CSS, Objective-C"
51,19280767,cppbestpractices,https://github.com/lefticus/cppbestpractices,Collaborative Collection of C++ Best Practices,2014-04-29T15:08:19Z,684,3318,,423,1.0,21,3318,https://api.github.com/repos/lefticus/cppbestpractices/languages,https://api.github.com/repos/lefticus/cppbestpractices/contributors,https://api.github.com/repos/lefticus/cppbestpractices/issues/events{/number},https://api.github.com/repos/lefticus/cppbestpractices/issues/comments{/number},https://api.github.com/repos/lefticus/cppbestpractices/issues{/number},https://api.github.com/repos/lefticus/cppbestpractices/releases{/id},
52,166652275,tinyraytracer,https://github.com/ssloy/tinyraytracer,A brief computer graphics / rendering course,2019-01-20T11:12:19Z,158846,3276,C++,172,1.0,9,3276,https://api.github.com/repos/ssloy/tinyraytracer/languages,https://api.github.com/repos/ssloy/tinyraytracer/contributors,https://api.github.com/repos/ssloy/tinyraytracer/issues/events{/number},https://api.github.com/repos/ssloy/tinyraytracer/issues/comments{/number},https://api.github.com/repos/ssloy/tinyraytracer/issues{/number},https://api.github.com/repos/ssloy/tinyraytracer/releases{/id},"'C++, CMake, Dockerfile"
53,54800346,vscode-cpptools,https://github.com/microsoft/vscode-cpptools,Official repository for the Microsoft C/C++ extension for VS Code.,2016-03-26T21:26:30Z,24131,3151,TypeScript,816,1.0,1142,3151,https://api.github.com/repos/microsoft/vscode-cpptools/languages,https://api.github.com/repos/microsoft/vscode-cpptools/contributors,https://api.github.com/repos/microsoft/vscode-cpptools/issues/events{/number},https://api.github.com/repos/microsoft/vscode-cpptools/issues/comments{/number},https://api.github.com/repos/microsoft/vscode-cpptools/issues{/number},https://api.github.com/repos/microsoft/vscode-cpptools/releases{/id},"'TypeScript, JavaScript, HTML, C++, C, Batchfile"
54,104621881,HyperLPR,https://github.com/zeusees/HyperLPR,Âü∫‰∫éÊ∑±Â∫¶Â≠¶‰π†È´òÊÄßËÉΩ‰∏≠ÊñáËΩ¶ÁâåËØÜÂà´ High Performance Chinese License Plate Recognition Framework.,2017-09-24T05:44:38Z,289318,3123,C++,1330,1.0,31,3123,https://api.github.com/repos/zeusees/HyperLPR/languages,https://api.github.com/repos/zeusees/HyperLPR/contributors,https://api.github.com/repos/zeusees/HyperLPR/issues/events{/number},https://api.github.com/repos/zeusees/HyperLPR/issues/comments{/number},https://api.github.com/repos/zeusees/HyperLPR/issues{/number},https://api.github.com/repos/zeusees/HyperLPR/releases{/id},"'C++, Java, C, CMake, Python, Objective-C++, Objective-C, Makefile, HTML, PHP, Ruby"
55,130068982,cpp-taskflow,https://github.com/cpp-taskflow/cpp-taskflow,A Modern C++ Parallel Task Programming Library,2018-04-18T13:45:30Z,74386,3121,C++,368,1.0,33,3121,https://api.github.com/repos/cpp-taskflow/cpp-taskflow/languages,https://api.github.com/repos/cpp-taskflow/cpp-taskflow/contributors,https://api.github.com/repos/cpp-taskflow/cpp-taskflow/issues/events{/number},https://api.github.com/repos/cpp-taskflow/cpp-taskflow/issues/comments{/number},https://api.github.com/repos/cpp-taskflow/cpp-taskflow/issues{/number},https://api.github.com/repos/cpp-taskflow/cpp-taskflow/releases{/id},"'C++, C, CMake, Cuda, Python, Makefile, HTML"
56,60377070,vespa,https://github.com/vespa-engine/vespa,Vespa is an engine for low-latency computation over large data sets.,2016-06-03T20:54:20Z,111259,3115,Java,370,1.0,99,3115,https://api.github.com/repos/vespa-engine/vespa/languages,https://api.github.com/repos/vespa-engine/vespa/contributors,https://api.github.com/repos/vespa-engine/vespa/issues/events{/number},https://api.github.com/repos/vespa-engine/vespa/issues/comments{/number},https://api.github.com/repos/vespa-engine/vespa/issues{/number},https://api.github.com/repos/vespa-engine/vespa/releases{/id},"'Java, C++, CMake, Shell, Perl, HTML, Emacs Lisp, C, Python, CSS, JavaScript, ANTLR, Groovy, Roff, Ruby, Yacc, Objective-C, Raku, LLVM, PigLatin, GAP, Makefile, Dockerfile"
57,45457072,awesome-cpp-cn,https://github.com/jobbole/awesome-cpp-cn,C++ ËµÑÊ∫êÂ§ßÂÖ®‰∏≠ÊñáÁâàÔºåÊ†áÂáÜÂ∫ì„ÄÅWebÂ∫îÁî®Ê°ÜÊû∂„ÄÅ‰∫∫Â∑•Êô∫ËÉΩ„ÄÅÊï∞ÊçÆÂ∫ì„ÄÅÂõæÁâáÂ§ÑÁêÜ„ÄÅÊú∫Âô®Â≠¶‰π†„ÄÅÊó•Âøó„ÄÅ‰ª£Á†ÅÂàÜÊûêÁ≠â,2015-11-03T09:55:49Z,117,3107,,1048,1.0,4,3107,https://api.github.com/repos/jobbole/awesome-cpp-cn/languages,https://api.github.com/repos/jobbole/awesome-cpp-cn/contributors,https://api.github.com/repos/jobbole/awesome-cpp-cn/issues/events{/number},https://api.github.com/repos/jobbole/awesome-cpp-cn/issues/comments{/number},https://api.github.com/repos/jobbole/awesome-cpp-cn/issues{/number},https://api.github.com/repos/jobbole/awesome-cpp-cn/releases{/id},
58,18992193,javacpp,https://github.com/bytedeco/javacpp,The missing bridge between Java and native C++,2014-04-21T12:47:21Z,7237,3080,Java,433,1.0,30,3080,https://api.github.com/repos/bytedeco/javacpp/languages,https://api.github.com/repos/bytedeco/javacpp/contributors,https://api.github.com/repos/bytedeco/javacpp/issues/events{/number},https://api.github.com/repos/bytedeco/javacpp/issues/comments{/number},https://api.github.com/repos/bytedeco/javacpp/issues{/number},https://api.github.com/repos/bytedeco/javacpp/releases{/id},"'Java, C++"
59,25889802,arrayfire,https://github.com/arrayfire/arrayfire,ArrayFire: a general purpose GPU library.,2014-10-28T20:58:33Z,15084,3007,C++,432,1.0,254,3007,https://api.github.com/repos/arrayfire/arrayfire/languages,https://api.github.com/repos/arrayfire/arrayfire/contributors,https://api.github.com/repos/arrayfire/arrayfire/issues/events{/number},https://api.github.com/repos/arrayfire/arrayfire/issues/comments{/number},https://api.github.com/repos/arrayfire/arrayfire/issues{/number},https://api.github.com/repos/arrayfire/arrayfire/releases{/id},"'C++, C, Cuda, CMake"
